Sample_ID,Source,Reference,Target_Language,Model,Prediction
1,tar lit : raisa : stain : þensa : eftiR : ketilhaufþa : faþur : sen : boanta : koþan ' kuþ : helbi : has : ant,"Tárr(?)/Tár(?)/Tarr(?) had this stone raised in memory of Ketilhôfði, his father, a good husbandman. May God help his spirit.",en,qwen3.5-4B-ft_multi-lang_20_epochs,"Darr had this stone raised in memory of Ketilhǫfði, his father, a good husbandman. May God help his spirit."
2,$M §A [...] §B [raþ runar -pti- (h)armbraþhum] §C · k(s) · statr hoar : kuz nri §D maria iuan-,"$M §A ... §B Interpret the rune according to the grief-rows / in memory of the grieved (one) §C ... ... ... §D Mary, John(?)",en,qwen3.5-4B-ft_multi-lang_20_epochs,"$M §A ... §B Interpret the runes, harm-brothers! §C King Statur the White, the new king. §D Mary, Jóhan's."
3,× hulmfriR × -it --isa × istain × þina × iftiR × biarn × buanta isin × auk × iftiR × isikat (s)un isin ×,"Holmfríðr had this stone raised in memory of Bjôrn, her husbandman and in memory of Sighvatr, her son.",en,qwen3.5-4B-ft_multi-lang_20_epochs,"Holmfríðr had this stone raised in memory of Bjôrn, her husbandman, and in memory of Ásgeirr, her son."
4,kuþr... ... (f)aþur sin · fur · hfila · hn · til · iklans · kuþ halbi · sil hns,Guð-... ... his father. He competently travelled to England. May God help his soul.,en,qwen3.5-4B-ft_multi-lang_20_epochs,Guð-... ... his father came very far. He was taken to England. May God help his soul.
5,[kuþriuin · lat · rita · stin · at inkimuntr faþur · sin],"Guðbjôrn had the stone erected in memory of Ingimundr, his father.",en,qwen3.5-4B-ft_multi-lang_20_epochs,"Guðrúin had the stone erected in memory of Ingimundr, her father."
6,...n · auk × kulauh × au... ... + þan + a-...,... and Gullaug and ... that ...,en,qwen3.5-4B-ft_multi-lang_20_epochs,... and Gullaug and ... that ...
7,he(l)ga : sati : stin : þana : at : eumunt : bur:uþur,"Helga placed this stone in memory of Eymundr, (her) brother.",en,qwen3.5-4B-ft_multi-lang_20_epochs,"Helga placed this stone in memory of Eymundr, (her) brother."
8,[... uaR · tauþr × i austr·uih- ...],... died on the eastern route ...,en,qwen3.5-4B-ft_multi-lang_20_epochs,... was dead in the east / in the orient ...
9,[... ...sa · stain · at · suarth... ...],... the stone raised in memory of Svarthôfði ...,en,qwen3.5-4B-ft_multi-lang_20_epochs,... this stone in memory of Svartr/Svarth...
10,a^ndres : p + farmaðr +,Andrés the priest. Farmaðr.,en,qwen3.5-4B-ft_multi-lang_20_epochs,André the Fisherman.
11,[... -k · --n · sun · suta : ---... ¶ ... aft : þurþ : bruþur ...],"... ... ... Sóti's son ... ... in memory of Þórðr, brother ...",en,qwen3.5-4B-ft_multi-lang_20_epochs,"... ... ... son ... ... in memory of Þórðr(?), brother ..."
12,tusti × (r)...(i) ...tin × efti(R) kuno × mak × sin × þ... ...---s × ... × uistar- × uar- ...,"Tosti raised the stone in memory of Gunni, his kinsman-by-marriage ... ... ... was westwards ...",en,qwen3.5-4B-ft_multi-lang_20_epochs,"Tosti raised the stone in memory of Gunni, his kinsman-by-marriage ... ... ... ... ..."
13,... ...fr ' lit ' reisa ' steina ' efti- seuar ' faþur ' s-n ' goþan ',"... ... had the stones raised in memory of Sævarr, his/her good father.",en,qwen3.5-4B-ft_multi-lang_20_epochs,"... ...-fr/...-fðr had the stones raised in memory of Sevarr, his father, a good man."
14,...-k lun-a : -... ...(a)lbi · siao- ...,... may help the soul ...,en,qwen3.5-4B-ft_multi-lang_20_epochs,... May God help(?) his soul ...
15,[... iftiR biurn bunta sin kuþan kuþ hialbi ant has],"... in memory of Bjôrn, his/her good husbandman. May God help his spirit.",en,qwen3.5-4B-ft_multi-lang_20_epochs,"... in memory of Bjôrn, his husbandman, may God help his spirit."
16,[· rauþr · auk · biarn · litu · raisa · stein · eftR · mak sin · sikat · koþ hialbi ont hns ·],Rauðr and Bjôrn had the stone raised in memory of their kinsman-by-marriage Sighvatr. May God help his spirit.,en,qwen3.5-4B-ft_multi-lang_20_epochs,Rauðr and Bjôrn had the stone raised in memory of their kinsman Sighvatr. May God help his spirit.
17,... ...-rimar : litu : r... ... sin ×,... Grímarr(?) had (the stone) raised/erected ... their ...,en,qwen3.5-4B-ft_multi-lang_20_epochs,... these landmarks had(?) made(?) ... their ...
18,× iarlibaki × lit × raisa × stan + þina × a... ... ...kuan + han × ati ain × tabu × alan × -... ... ont hans + §B × iarlabaki × lit raisa × stain × þin- at sik kuikuan × auk × þinkstaþ × þina × karþi + auk × ain ati + alt hu-(t)ari × þita +,"Jarlabanki had this stone raised in memory of himself while alive. He alone owned all of Tábýr. May God help his spirit. §B Jarlabanki had this stone raised in memory of himself while alive, and made this Assembly-place, and alone owned all of this Hundred.",en,qwen3.5-4B-ft_multi-lang_20_epochs,"Jarlabanki had this stone raised in memory of himself. He owned one manor, called Hallan ... his. §B Jarlabanki had this stone raised when he grew old, and he made these monuments and owned one manor, all of which he desired."
19,--- ¶ akla + kala + laka + ¶ --o-imi(k)(l)(i)(i),"... agla gala laga ('agla' = Thou art strong in eternity, Lord) ...",en,qwen3.5-4B-ft_multi-lang_20_epochs,... agla agla agla ...
20,$M auæ : ma^ria : gra^kia : plena ...,$M Hail Mary full of grace ...,en,qwen3.5-4B-ft_multi-lang_20_epochs,"$M Hail Mary, full of grace ..."
21,× kaR : reþi sin : eti : bui : uiburk uaR : muþR : snuR : fatriþ : ----,Geirr erected the stone in memory of Búi. Vébjôrg was (his) mother. [Was his] daughter-in-law Fastríð(?) ...,en,qwen3.5-4B-ft_multi-lang_20_epochs,"Kári paid the debt, in memory of Búi. Véborgunn was Sigrúð's mother. ..."
22,× [ul]fr [× a... ... -nk]imunt[r × au]k × [ai]... ... ...(n) × i... ...,Ulfr and ... Ingimundr and Ei-... ... the stone(?) in memory of(?) ...,en,qwen3.5-4B-ft_multi-lang_20_epochs,Ulfr and ... Digmundr(?) and Ólaug(?) and ... ... ...
23,÷ felleg : er : fuþ : sin : bylli §B ÷ fuþorg lbasm,"Monstrous is the cunt, may the penis serve. §B Cunt-perverse/nymphomania ...",en,qwen3.5-4B-ft_multi-lang_20_epochs,"The rune-row is for me, <fuþ> ... §B <fuþorkr> ..."
24,fuþorkhfuþorkh fuþorkhfuþorkhfuþorkhfuþorkhfuþorkh fuþorkhfuþorkhfuþorkhfuþorkhfuþork fuþorkhfuþorkhfuþork fuþorkhfuþorkhfuþorkhfu fuþorkhfuþorkhfuþork,<fuþork fuþork fuþork fuþork fuþork fuþork>,en,qwen3.5-4B-ft_multi-lang_20_epochs,...
25,asm(u)(t)(r) · auk · þeR · bruþr · restu · sten · þani · eftiR · sarta · faþur · sia ·,"Ásmundr and his brothers raised this stone in memory of Svarti, their father.",en,qwen3.5-4B-ft_multi-lang_20_epochs,"Ásmundr and his brothers raised this stone in memory of Sarti, their father."
26,... ...- (:) rista : s(i)tn : þisa : e(f)(t)ir : asu : muþur : sin...,"... ... (had) this stone carved in memory of Ása, his mother.",en,qwen3.5-4B-ft_multi-lang_20_epochs,"... had this stone raised in memory of Ása, his mother."
27,(k)iæte guþ þes er k o^(l)ma^þa,May God protect him whom I enraged.,en,qwen3.5-4B-ft_multi-lang_20_epochs,May God protect him who owns this.
28,þurfinr : r---- ----- : --n- : --... ... §B ...,Þorfinnr raised(?) the stone(?) in memory of(?) ... §B ...,en,qwen3.5-4B-ft_multi-lang_20_epochs,Þorfinnr raised the stone in memory of ... ... ... §B ...
29,$M ÷ bo--- : oka...-...s(a)rfa : h-- : l-t : (h)-ga : hina : stan : yvir : (b)udaitu : af hah:h-b- k : til : aukarsarfa + ta en : iak : uar · (s)krivaþ : (t)a uar : (h)ahal · sunudah:r · untir-aþr : b-imstafr ++ i tolf:te : r(a)(d)(u) taflu + betar · aukar·sarfa · han skr-if mik · amen ·,"$M Bót-... Auðgeirsarfr/Ocksarve(?) he/she had this stone cut over Bótheiðr(?) of Hagebýr and (owner of) Auðgeirsarfr/Ocksarve. When I was written, then Hail was the Sunday(-stave); Under-Man the Prime-stave in the twelfth row of the table. Pétar of Auðgeirsarfr/Ocksarve, he wrote me. Amen.",en,qwen3.5-4B-ft_multi-lang_20_epochs,"$M ... ... had this stone laid over Bodveitir/Botveitr, his kinsman, in place of the chieftainship. And I was then the scribe. Then was Halli, the younger, the steward. The primest letter is in the twelfth row. Better, in the chieftainship, he wrote me. Amen."
30,[iufur · r... stan · aftir · fuluka · faþur · sin],"Jôfurr raised the stone in memory of Fullugi, his father.",en,qwen3.5-4B-ft_multi-lang_20_epochs,"Jôfurr raised the stone in memory of Fullugi, his father."
31,kuþa : risþi : stin : þansi : auft¶(i)R : þurbiurn : buta : sin : ¶ miuk : kuþan : þikn : ian ¶ þurþr : rist : runaR ¶ þasi,"Gyða raised this stone in memory of Þorbjôrn, her husbandman, a very good þegn. And Þórðr carved these runes.",en,qwen3.5-4B-ft_multi-lang_20_epochs,"Guðja raised this stone in memory of Þorbjôrn, her husbandman, a very good Þegn. And Þórðr carved these runes."
32,+ sinkR : let --... ... ... eftiR : friþelfi : kunu : sina : kuþ hialbi : sialu [h]inaR,"Sínkr had ... ... ... in memory of Friðelf, his wife. May God help her soul.",en,qwen3.5-4B-ft_multi-lang_20_epochs,"Sinkr had ... ... in memory of Fríðelfr, his wife. May God help her soul."
33,eskil : sulka : sun : let : res(a) ¶ sten : þena : eft : sialfan ¶ sik · e mun · stanta · meþ · sten ¶ lifiR · uitrint · su · iaR · uan · eskil §B kristr · hialbi · siol · hans ¶ aok · santa · migael §C toki · risti · runaR · e(f)(t)(i)(R) (·) -(o)ru · ¶ stiubmoþur · sina · kunu · koþa,"Áskell, Súlki's son, had this stone raised in memory of himself. Ever will stand, while the stone lives, this memento, which Áskell produced. §B May Christ and Saint Michael help his soul. §C Tóki carvedthe runes in memory of Þóra, his stepmother, a good wife.",en,qwen3.5-4B-ft_multi-lang_20_epochs,"Áskell, Salki's son, had this stone raised in memory of himself. He will stand with the stone ... ... Áskell §B May Christ help his soul and Saint Michael. §C Tóki carved the runes in memory of ... his stepmother, good wife."
34,$M ... ...r øssur : asbiæ?na^r s^on(·),$M ... rests/in memory(?) of Ôssurr Ásbjôrn's son.,en,qwen3.5-4B-ft_multi-lang_20_epochs,$M ... In memory of Ásbjôrn ...'s son.
35,... [+ faslaug :] þaun : [hion × litu : i]ftiR · þial[fa : sun s]...,"... (and) Fastlaug, the married couple, had (the stone raised) in memory of Þjalfi, their son.",en,qwen3.5-4B-ft_multi-lang_20_epochs,"... (and) Fastlaug, the one who had (it cut) in memory of Þjalfi, their son."
36,[aimuntr : let ... ... (k)uþ salu · ha...],Eimundr had ... May God help his soul.,en,qwen3.5-4B-ft_multi-lang_20_epochs,Eimundr had ... May God help his soul.
37,þuri ÷ auk frystain ' litu raisa stain iftiR ' þurstain broþur sin,"Þórir and Freysteinn had the stone raised in memory of Þorsteinn, their brother.",en,qwen3.5-4B-ft_multi-lang_20_epochs,"Þórir and Freysteinn had the stone raised in memory of Þorsteinn, their brother."
38,gya : sæhir : at þu : kak hæim §B þa^nsak : a^b(a)kista^n : rþis,Gyða says that you should go home. §B ... ... ...,en,qwen3.5-4B-ft_multi-lang_20_epochs,Gya ... ... ... ... §B ... ... ...
39,þurkiR · auk · uri · þaiR · raistu · staina · at · ulaif · faþur · sin : auk : at · suain · bruþur sin ·,"Þorgeirr and Orri, they raised the stones in memory of Óleifr, their father and in memory of Sveinn, their brother.",en,qwen3.5-4B-ft_multi-lang_20_epochs,"Þorgeirr and Orri, they raised the stones in memory of Óleifr, their father, and in memory of Sveinn, their brother."
40,(h)agormr hialgar-r (l)i-unski-l-... §B ... þunt bloþ or rin or æ-r : bloþ or : rin or æ--,"Hagormr(?), ... ... §B ... thin blood, run out, out of ... blood, run out, out of ...",en,qwen3.5-4B-ft_multi-lang_20_epochs,"Hagormr. ... §B ... blood, runes, blood, runes, blood, runes, blood, runes, blood, runes."
41,alfkil ÷ uk ÷ hns ÷ suniR ÷ risþu : stin : þansi : ift : ¶ · mana : sin : frinta : þans × uas · lantirþi ÷ kitils ÷ þis ÷ ¶ nuruna ÷,"Alfkell and his sons raised this stone in memory of Manni, their kinsman, who was Ketill the Norwegian's estate-steward.",en,qwen3.5-4B-ft_multi-lang_20_epochs,"Alfkell and his sons raised this stone in memory of Manni, their friend. This was acquired with the property of Ketill the Varrun."
42,× þeiR bryþr × reistu × kubl × þia × eftiR × sustur ×× sina × afriþi × auk × eftR × suein × faþur × sin × koþan ×,"These brothers raised these monuments in memory of their sister, Áfriðr, and in memory of Sveinn, their good father.",en,qwen3.5-4B-ft_multi-lang_20_epochs,"Those brothers raised these monuments in memory of their sister Ôfríðr and in memory of Sveinn, their good father."
43,× kut × raisti × ifti × skara × sun sin × anun × hiu × siþu,"Gautr raised (the stone) in memory of Skeri/Skari, his son. Ônundr cut the side.",en,qwen3.5-4B-ft_multi-lang_20_epochs,"Gautr raised (the stone) in memory of Skari/Skari, his son. Here lies."
44,(s)(a)- riti sanat kaolu a^mn -... §AQ (s)(a)- rit is anat i saolu a^mn -... §AR (s)(a)- riti| |is a| |an ati saolu a^mn -... §B a(i)kua(i)tu,... by writing heals the crazy woman. Amen ... §AQ ... writing is something different in the soul. Amen ... §AR let ... write who owns and experienced happiness/luck. Amen ...,en,qwen3.5-4B-ft_multi-lang_20_epochs,... erected the stone ... ... §AQ Stave(?) erected the stone ... ... §AR Stave(?) erected(?) the stone ... ... §B ...
45,... ...-þan × isun × isRn × bRkia nu × kuþ il×... ... §Q ... ...-þan × isun × isRn × bRkia nu × kuþ il×... ...,"... good(?), his(?) son(?). Now(?) (they) pray(?) to God(?) to help(?) ... §Q ... (the) good(?) son of them both. Now God may help(?) ...",en,qwen3.5-4B-ft_multi-lang_20_epochs,... his stone is erected here. May God help (his) soul ... §Q ... his stone is erected here. May God help (his) soul ...
46,$M §A spyr actriþi h-... §B --- act -...,$M §A Ask Ástríðr ... §B ... love ...,en,qwen3.5-4B-ft_multi-lang_20_epochs,$M §A Spør ... ... §B ... ... ...
47,$U §P -uþaþit-ih -ilald (t)-uiuu-(t)w- §Q a^luþa þit (s)i huilalda^| |^aï uiu u(e)a aþa^l,$U §P ... artifact ... §Q Of the ale this will be the resting-people’s (= the deads’): (for?) ever I sanctify abode of the gods.,en,qwen3.5-4B-ft_multi-lang_20_epochs,$U §P ... ... ... §Q ... ... ... ... ... ...
48,÷ uesti : auk : iuar : auk : s(u)[lfa :] (b)ruþr : þriR : karþu : bru : þasi : (a)uk : satu : stein : þana : eftiR : þialfa : faþur : [sin],"Véseti and Ívarr/Jóarr and Sylfa, the three brothers made this bridge and placed this stone in memory of Þjalfi, their father.",en,qwen3.5-4B-ft_multi-lang_20_epochs,"Vésteinn and Jóarr and Sulfar, three brothers, made this bridge and placed this stone in memory of Þjalfi, their father."
49,: hragli : auk : alkisl : satu : stin : þesi : eftR : serla : faþur : sin,"<hragli> and Algísl placed this stone in memory of Særli, their father.",en,qwen3.5-4B-ft_multi-lang_20_epochs,"Hragnli and Alghísl placed this stone in memory of Særlagi, their father."
50,...- : kuþ-... ...-u · ...,... ... ... ...,en,qwen3.5-4B-ft_multi-lang_20_epochs,... God(?) ... ...
51,[iufur · uk stoþbiarn · litu ... ... ...kifast · faþur · sin ×],"Jôfurr and Stóðbjôrn had ... in memory of Ingifastr, their father.",en,qwen3.5-4B-ft_multi-lang_20_epochs,"Jôfurr and Stoðbjôrn had ... ... ...-fastr, their father."
52,: haraltr : kunukR : baþ : kaurua ¶ kubl : þausi : aft : kurm faþur sin ¶ auk aft : þourui : muþur : sina : sa ¶ haraltr (:) ias : soR · uan · tanmaurk §B ala · auk · nuruiak §C (·) auk t(a)ni (k)(a)(r)(þ)(i) kristno,"King Haraldr ordered these monuments made in memory of Gormr, his father, and in memory of Þyrvé, his mother; that Haraldr who won for himself all of Denmark §B and Norway §C and made the Danes Christian.",en,qwen3.5-4B-ft_multi-lang_20_epochs,"Prince Haraldr ordered these monuments made in memory of Grmr, his father, and in memory of Þyrvé, his mother. And Haraldr was the most valiant of young men. §B Áli and Nyrviðr §C and Tani made the Christian church."
53,+ esse krusem tomi¶ni : fugite pa^rtes ¶ at^uerse uisit le(o) ¶ te t^ribu iuta -----... ----... ¶ kua(t)^uo^r gra^na in pen¶talum in--... ¶ fo(n)te t^utit : ¶ aaron : iesus + §B -(o)hannes ¶ ma^rkus ¶ maþeus ¶ lukas §C -a^gla al¶pha et ¶ o + - :,"Behold the cross of the Lord; flee, you hostile powers. The lion of the tribe of Juda, the root of David, has conquered. Four letters on the forehead-plate that Aaron bore on his forehead, Jesus. §B John, Mark, Matthew, Luke. §C Agla. Alpha and Omega ...",en,qwen3.5-4B-ft_multi-lang_20_epochs,"This cross was made by Tomini. Flee the witch who used the lead. Thou art the power of the Lord ... ... ... ... grains in the penitent ... ... ... ... ... Aaron, Jesus §B John, Mark, Matthew, Luke §C Agla alfa (and) omega (and) ..."
54,[suth]i auk · iki[fastr · litu] rita [stai]n ' iftiR × ikalt ' uk ' (f)[tiR ikhu]ar · fe[þr si]na · kuþa · i,"Sóti and Ingifastr had the stone erected in memory of Ingjaldr and in memory of Ingvarr, their good fathers ...",en,qwen3.5-4B-ft_multi-lang_20_epochs,"Sóti and Ingefastr had the stones erected in memory of Ingaldr and in memory of Ingvarr, both their good fathers."
55,... ...þi : stin : þa...- · -...,... raised this stone ...,en,qwen3.5-4B-ft_multi-lang_20_epochs,... raised this stone ...
56,+ ka^ute : tie · kinit^r · suermo: in·mokulata · ga^ute §B k-- ... §C ga^ute : kue : genuisti : eterni · lumi(n)- §D k[l]-... ...,"Rejoice, Mother of God, immaculate Virgin, rejoice §B ... §C Rejoice, Thou who created clarity from eternal light §D ...",en,qwen3.5-4B-ft_multi-lang_20_epochs,"May God bless Ginnitr of Inmökull's. Gaute §B ... §C Gaute, thou hast been born of the eternal light. §D ... ..."
57,[rahnfriþr · lit rt stain þino ' aftiR biurno sun þaiRa kitilmuntaR ' hon ' fil a urlati ' kuþ hialbi hons ant auk| |kuþs muþiR ' osmunr mar'kaþi runaR ritar],"Ragnfríðr had this stone erected in memory of Bjôrn, her son and Ketilmundr's. He fell in Virland. May God and God's mother help his spirit. Ásmundr marked the right runes.",en,qwen3.5-4B-ft_multi-lang_20_epochs,"Ragnfríðr had this stone erected in memory of Bjôrn, her son, the husbandman of Ketilmundr. He fell at Orreikings(?). May God and God's mother help his spirit. Ásmundr marked the runes."
58,... ...isa · sti- ... -t · su... ...,... raised the stone ... in memory of the son ...,en,qwen3.5-4B-ft_multi-lang_20_epochs,... the stone raised in memory of Sveinn(?) ...
59,kunuar : resþi : stin : þani : eftiR : kana : bunta : sin : þegn harþa kuþan,"Gunnvôr raised this stone in memory of Kani, her husbandman, a very good Þegn.",en,qwen3.5-4B-ft_multi-lang_20_epochs,"Gunnvôr raised this stone in memory of Kani, her husbandman, a very good þegn."
60,...[-n · sin +] sun + hulmfas--/hulmfas--... ... kuþ + hialbi + ant hans +,"... his, Holmfastr's son ... May God help his spirit.",en,qwen3.5-4B-ft_multi-lang_20_epochs,... his/her son Holmfastr ... May God help his spirit.
61,· aystin · auk · astriþr · raistu · stina · aftir · kak · sun · sin ·,"Eysteinn and Ástríðr raised the stones in memory of Kagr(?)/Gagr(?), their son.",en,qwen3.5-4B-ft_multi-lang_20_epochs,"Eysteinn and Ástríðr raised the stones in memory of Kagr(?)/Gagr(?), their son."
62,akuti + auk + osur + auk × biaurn × rastu × stain × (þ)[ina × afti](r) × nuka × trihk + kuþan ×,"Ágoti and Ôzurr and Bjôrn raised this stone in memory of Nokki, a good valiant man.",en,qwen3.5-4B-ft_multi-lang_20_epochs,"Ágoti and Ôzurr and Bjôrn raised this stone in memory of Norgi, a good valiant man."
63,ingibiorh · hin fahra · æhkia §B môrhk · kona · hæfer · faret · lu(t) in her mihgil oflate §C ærlikr,"Ingibjôrg, the fair widow. §B Many a wife has travelled stooping in here. A great show-off. §C Erlingr",en,qwen3.5-4B-ft_multi-lang_20_epochs,"Ingibjôrn the sailor, <æhkia>. §B Môrgíðr the wife has travelled ... May God be gracious to her. §C Erlendr."
64,... -it : tafast : rista : runir,... had Tafeistr to carve the runes.,en,qwen3.5-4B-ft_multi-lang_20_epochs,... (and) Tafast carved the runes.
65,†$ [bariRþ ÷ riti stain ÷ þina ÷ aftiR un ÷ ... bruþur sin ÷ han uas| |sun : arinbiarnaR a-þuaun-ua-sun ÷ ial-i (k)u(þ) ant unaR],†$ <bariRþ> erected this stone in memory of Unn his brother. He was Arinbjôrn's son ... May God help Unn's spirit.,en,qwen3.5-4B-ft_multi-lang_20_epochs,†$ Béréð erected this stone in memory of Unn ... his brother. He was the son of Árnbjôrn Arnviðr's son. May God help the living and the dead.
66,... × kumbl × aiftiR ... ...-str auk × s...-ta × ...,... the monument(s) in memory of ... Christ and Saint ...,en,qwen3.5-4B-ft_multi-lang_20_epochs,... the tomb in memory of ... ... and ... and ...
67,ali · auk · karli · risþu · stin · þansi · stin · þansi · iftiR · firist(i)n · faþur · sin · miuk · kuþan þikn,"Áli/Alli and Karli raised this stone [this stone] in memory of Freysteinn, their father, a very good Þegn.",en,qwen3.5-4B-ft_multi-lang_20_epochs,"Áli/Alli and Karli raised this stone, this stone in memory of Freysteinn, their father, a very good Þegn."
68,kuþfastr aok ' þorontr ' litu rita sten ' eftiR ' faþur sin ' hals ' ok frykuþr ' yftiR ' bonta sin ' þorþr : hiak · runar · þisar ' ual,Guðfastr and Þróndr had the stone erected in memory of their father Hals; and Freygunnr in memory of her husbandman. Þórðr cut these runes well.,en,qwen3.5-4B-ft_multi-lang_20_epochs,Guðfastr and Þróndr had the stone erected in memory of their father Hals; and Freygunnr in memory of her husbandman. Þórðr cut these runes well.
69,ikib(i)rn : ak : þiR : bryþr : litu : risa : stin : þina : a(t) : ikhul : faþur : sin : (k)uþ : hilbi : anta : hns bt(r) : þin : (h)-(n) : (h)--... ...- : -(a)(r)- : --...---- : (r)isti : runaR · þasi,"Ingibjôrn and his brothers had this stone raised in memory of Ígull, their father. May God help his spirit better than he has deserved. Tíðkumi carved these runes.",en,qwen3.5-4B-ft_multi-lang_20_epochs,"Ingibjôrn and his brothers had this stone raised in memory of Ígull, their father. May God help his spirit better than he has deserved. ... carved these runes."
70,· kalmi : risþi : stin : þena : eftiR : helka : sun : sin : iaR : turknaþi :,"Gamli(?)/Galmi(?) raised this stone in memory of Helgi, his son, who drowned.",en,qwen3.5-4B-ft_multi-lang_20_epochs,"Gamli raised this stone in memory of Helgi, his son, who died abroad."
71,· þura · sati · stin · þasi · aftiR · suin · sun · sin · Rs · uRstr · o · ualu,"Þóra placed this stone in memory of Sveinn, her son, who died in the west in <ualu>.",en,qwen3.5-4B-ft_multi-lang_20_epochs,"Þóra placed this stone in memory of Sveinn, her son, who drowned in the valley."
72,hulmstain · auk · uikuþr · þaun · litu · raisa · stain · eftiR · sun · henaR · auk · uihialmr iftiR inkifast ·,"Holmsteinn and Végunnr, they had the stone raised in memory of her son, and Véhjalmr/Víghjalmr in memory of Ingifastr.",en,qwen3.5-4B-ft_multi-lang_20_epochs,"Holmsteinn and Végunr, they had the stone raised in memory of their son; and Víghjalmr in memory of Ingifastr."
73,...li : lit : resa : eftiR : f...,... had ... raised in memory of ...,en,qwen3.5-4B-ft_multi-lang_20_epochs,... had (this stone raised) in memory of ...
74,sua ai ÷ titultitul ¶ fuþorkhniastbmlR §B huaR is i : alisti osa : huaR is (:) ¶ uifrþuR : karþi : afr aft asini fauþr ¶ kul:finR : fal(s) : taitirunoR ' u ¶ (a)iuinrunoR : sulialta : huaR : ? ¶ utu ÷ tuuut bilikikR : tuR ra(k)(i) ¶ (t)(u)(l)i,"Thus ever(?) ... <fuþorkhniastbmlR> §B Who is(?) ... ... Æsir's, who is Véfriðr /Véfrøðr made ... in memory of ... father. Kolfinnr/Gullfinnr concealed runes of gladness and runes of eternal friendship ... who ... ... ... ... ... ... Tuli/Tóli.",en,qwen3.5-4B-ft_multi-lang_20_epochs,... ... ... ... ... ... §B ... ... ... ... ... ... ... ... ... ... ... ... ... ... ... ... ... ... ... ...
75,÷ salsi karþi sul ÷ D ÷ skut- - þ--a hiu ×,Sôlsi(?) made(?) the sun(?). Dagr(?) cut(?) this(?) on the cliff-face.,en,qwen3.5-4B-ft_multi-lang_20_epochs,Salsi made the soul ... ... ... cut ...
76,: asmuhtr : auk : fraybiurn · litu kera : meki · siRun · at · herbiurn · faþur : sin :,"Ásmundr and Freybjôrn had the rune-decorated landmark made in memory of Herbjôrn, their father.",en,qwen3.5-4B-ft_multi-lang_20_epochs,"Ásmundr and Freybjôrn had the landmark made in memory of Herbjôrn, their father."
77,kuni lit rista runaR þisar eftR sik · kuikhan þurhkutr · risti runa þisar fots arfi,"Gunni had these runes carved in memory of himself while alive. Þorgautr, Fótr's heir, carved these runes.",en,qwen3.5-4B-ft_multi-lang_20_epochs,Gunni had these runes carved in memory of himself while alive. Þorgautr carved these runes. Fots(?) inherited.
78,hulm(k)iR · auk · labus · auk · lafsi · þaiR · litu · raisa stain · at aib-rn · faþur sin koþan · ...t...,"Holmgeirr and <labus> and Lafsi, they had the stone raised in memory of Eibjôrn, their good father ...",en,qwen3.5-4B-ft_multi-lang_20_epochs,"Holmgeirr and Labbus and Lafsi, they had the stone raised in memory of Eibjôrn, their good father ..."
79,†M [pær krusis ok sihnum : fgiaþ : ¶ : prokul : omne : malihnum +],†M With this sign of the cross will all evil flee far away.,en,qwen3.5-4B-ft_multi-lang_20_epochs,"†M For Christ and Saint Peter, make everything good."
80,la-rans : gierþi : s[t]ai(n) : (þ)-,Lafranz made this stone.,en,qwen3.5-4B-ft_multi-lang_20_epochs,Þorfastr's retainer(?) made the stone ...
81,... ...ta · stiu(b) · (s)in · ha- ...,"... ..., his/her step(-son). He ...",en,qwen3.5-4B-ft_multi-lang_20_epochs,... in memory of(?) his stone. He ...
82,[tora · lit · raisa · sti]n [· þina · i]ftiR · rolif · sun · sin · kuþ · hialbi · ant [· hans fotr · risti ·],"Tóra had this stone raised in memory of Hróðleifr, her son. May God help his spirit. Fótr carved.",en,qwen3.5-4B-ft_multi-lang_20_epochs,"Tóra had this stone raised in memory of Hróðleifr, her son. May God help his spirit. Fótr carved."
83,ma^ria : mika(l) ¶ a mik br(i)kil ¶ torir §Q ma^ria : mika(i) ¶ a mik brakil ¶ torir,"Mary, Mikjáll owns me, Brigit(?). Þórir. §Q Mary, Mikjáll! Brakil/Brigit owns me. Þórir.",en,qwen3.5-4B-ft_multi-lang_20_epochs,Mary mede for mig. Bríkel. Dórr. §Q Mary. Mede for mig. Bríkel. Dórr.
84,... ...isti : krus : -... ¶ ...ir : mol:mu... ...,... raised (this?) cross in memory of Maelmuire ...,en,qwen3.5-4B-ft_multi-lang_20_epochs,... raised (this) cross in memory of Malmundr ...
85,ragna : let × raisa × stain × þin(a) ... ... × sun × kuþbirnaR × trenk × ufi(l)an,"Ragna had this stone raised ... ... Guðbjôrn's son, an undaunted valiant man.",en,qwen3.5-4B-ft_multi-lang_20_epochs,"Ragna had this stone raised ... ... Guðbjôrn's son, an able valiant man."
86,· sistin · ris(þ)... ... §B ...ftiR · keRmut · mak si...,"Sigsteinn raised ... §B in memory of Geirmundr, his kinsman-by-marriage.",en,qwen3.5-4B-ft_multi-lang_20_epochs,"Sigrísteinn raised ... §B in memory of Geirmundr, his kinsman-by-marriage."
87,[: rakR : lakþi : stin : yfiR : þiuk : s...n : sin : s...],"Rekkr laid the stone over Þjokkr, his son ...",en,qwen3.5-4B-ft_multi-lang_20_epochs,"Rakr/Rakr/Rafr laid the stone over Þjógr/Þiugr, his ..."
88,þurkl × auk + kisl + -itu + rais- ... þian + iftR + faþur sn + kans- ku- hialbi ant hans,Þorkell and Gísl had this stone raised in memory of their father Gansi(?)/Knasi(?). May God help his spirit.,en,qwen3.5-4B-ft_multi-lang_20_epochs,"Þorkell and Gísl had this stone raised in memory of their father, Gagnr's brother. May God help his spirit."
89,biarn · li(t) ... ...- · ul- -(o)(r)oþur · sen ·,"Bjôrn had ... ... Ulfr, his brother.",en,qwen3.5-4B-ft_multi-lang_20_epochs,"Bjôrn had ... ... ... Ulfr(?), his brother."
90,[tiarfR · raisti · stain : þinsa : at : irim : faþur : sin : kuþan :],"Djarfr raised this stone in memory of Grímr, his good father.",en,qwen3.5-4B-ft_multi-lang_20_epochs,"Djarfr raised this stone in memory of Herimr, his good father."
91,[huitr ok| |karl ouk ulf l...u ...ris...],Hvítr and Karl and Ulfr(?) had ...,en,qwen3.5-4B-ft_multi-lang_20_epochs,<huitr> and Karl and Ulfr had ... carved.
92,... ...arl ' uk ihulbiurn ' litu rita stono þisa ' uk| |kirua bru þisa ' at iafur faþur si... ... (h)ialbi ont hos,"... Karl and Ígulbjôrn had these stones erected and this bridge made in memory of Jôfurr, their father ... may help his spirit.",en,qwen3.5-4B-ft_multi-lang_20_epochs,"... Karl and Ígulbjôrn had these stones erected and this bridge made in memory of Jôfurr, their father. May God help his spirit."
93,[...-R lit ' r...] ... ...- ÷ sina ÷ k...,... had (the stone) raised/erected ... ... their/his ...,en,qwen3.5-4B-ft_multi-lang_20_epochs,... had ... ... their ...
94,[as]kil : lit : rita : stin : þa[na · -f-]- : u[n]-- : faþur : [si]n [-u-]a : kuþ[an],"Áskell had this stone erected in memory of ... his father, a good husbandman.",en,qwen3.5-4B-ft_multi-lang_20_epochs,"Áskell had this stone erected ... his father, a good husbandman."
95,þruntr × risti + tsin × þinsa + aftiR · þurtsin [faþ](u)r sin,"Þróndr raised this stone in memory of Þorsteinn, his father.",en,qwen3.5-4B-ft_multi-lang_20_epochs,"Þróndr raised this stone in memory of Þordís, his father."
96,fastkaiR fastlauk at sun sin litu (h)akua at nefkair,"Fastgeirr (and) Fastlaug had (the stone) cut in memory of Nefgeirr, in memory of their son.",en,qwen3.5-4B-ft_multi-lang_20_epochs,"Fastgeirr, Fastlaug, (and) in memory of their son, they had (the stone) cut in memory of Neifgeirr."
97,o^not^r : a mik : a ho^no^m,Ônundr of Hornar owns me.,en,qwen3.5-4B-ft_multi-lang_20_epochs,Ónótr owns me. Own me.
98,tuki : ri(s)-- ¶ -tin : þansi : ift ¶ þurstin : sin ¶ -(r)uþur : nuk ¶ igi : sin : faþu-,"Tóki raised this stone in memory of Þorsteinn, his brother, and Ingi, his father.",en,qwen3.5-4B-ft_multi-lang_20_epochs,"Tóki raised this stone in memory of Þorsteinn, his brother and Ingibrígn/Egill(?)/Ingibjôrn(?), his father."
99,[× sibi × auk × irmuntr × auk × þoriR × litu × raisa × stain × iftiR × s(u)... ... ...-- (h)(a)n · to × austr × sun × kismuntaR],"Sibbi and Ernmundr and Þórir had the stone raised in memory of ... ... ... He, Gísmundr's son, died in the east.",en,qwen3.5-4B-ft_multi-lang_20_epochs,"Sibbi and Ernmundr and Þórir had the stone raised in memory of ... ... ... He died in the east, Gísmundr's son."
100,... stin : þinsi : i--iR : un...,... this stone in memory of ...,en,qwen3.5-4B-ft_multi-lang_20_epochs,... this stone in memory of ...
1,[hualf : lit ... ufir : tar : fadur : simun ...],... had the vault [made] ... over their father Símon ...,de,qwen3.5-4B-ft_multi-lang_20_epochs,Gjallver had (this) over (to) pay (to) his father Gunnarr ...
2,...(a)lui : lit * kira : kubl : ifti... ... burþur : ulfs * þiR * a(u)... ... (m)iþ * ikuari : o : sirk*la(t)...,...-vé had the monument made in memory of ... Ulfr's brother. They in / to the east ... with Ingvarr in Serkland.,de,qwen3.5-4B-ft_multi-lang_20_epochs,...-vé had the monument made in memory of ... Ulfr's brother. They ... together with Ingvarr in Serkland.
3,þat ik uk (M) nona ¶ snonk=uk(t)(i)unf(i) ¶ sak a=rf hit(r)k ¶ þik,... ... ... ... ... ... ... ... ... …,de,qwen3.5-4B-ft_multi-lang_20_epochs,That I and ... ... cut ... on the cross ... to you.
4,§A nasi × auk : þair : bruþr : raistu : stain : þisa ×,"§A Nasi/Nesi and his brothers raised this stone §B in memory of Jarl, their good father, and made the bridge as thanks to God.",de,qwen3.5-4B-ft_multi-lang_20_epochs,"§A Nasi/Nesi and his brothers raised this stone §B in memory of Ólafr, their kinsman-by-marriage, a good man."
5,[(n)...i...iukaR : auk : biorn : auk : farulfi : þiR : litu : risa : stan : aftiR * aka : faþur : sin * hat : uaR : uskul * þik : þRa *],"... and Bjǫrn and Farulfr, they had the stone raised in memory of Áki, their father. He was ...",de,qwen3.5-4B-ft_multi-lang_20_epochs,"... and Bjǫrn and Farulfr, they had the stone raised in memory of Áki, their father. He was <uskul> thus named."
6,§A ...r × ok × e...,§A ... and ... §B ...,de,qwen3.5-4B-ft_multi-lang_20_epochs,§A ... and ... §B ...
7,k-na : let : legia : st¶in : þensi : auk : tuki :,Ginna(?)/Gína(?) had this stone laid and (i.e. with) Tóki.,de,qwen3.5-4B-ft_multi-lang_20_epochs,Ganna had this stone laid and made.
8,§A (m)a(l)(i) : es : a : s(t)ain(i) : þesu(m) : a- ...,"§A The agreement on this stone is, that ... §B half of the warping-line lie to ... §C as property and as allodial land ... ...",de,qwen3.5-4B-ft_multi-lang_20_epochs,§A ... ... ... ... ... §B ... ... ... ... ...
9,× orikia × auk × ikul × litu × raisa × stain × ... ...biurn × faþur sin ×,"Órœkja and Ígull had the stone raised ... ...-bjǫrn, their father.",de,qwen3.5-4B-ft_multi-lang_20_epochs,"Orýja/Orríka and Ígull had the stone raised ... ...bjǫrn, their father."
10,...[rn :] auk * fasti : raist=u st[a]in ** at * k(i)(l)beaurn : faþ(u)r : si(n) : [buata : þo]r[*kiai]rþ[i **],"Bjǫrn and Fasti raised the stone in memory of Ketilbjǫrn(?), their father, Þorgerðr's husbandman.",de,qwen3.5-4B-ft_multi-lang_20_epochs,"...-rún and Fasti raised the stone in memory of Geirbjǫrn/Geirbeorn, their father, Þorgjǫrðr's husbandman."
11,§A ...þi---- (+) -ftir + foþur (:) sin (:) þurbio-...,§A ... in memory of his father Þorbjǫrn. §B ...,de,qwen3.5-4B-ft_multi-lang_20_epochs,§A ... in memory of his father Þorbjǫrn ...
12,[... uaR * tauþr × i austr*uih- ...],... died on the eastern route ...,de,qwen3.5-4B-ft_multi-lang_20_epochs,... and died in Østrevi(?).
13,k suntahr tir brim o=k i treta=ntu rato,K (was) the Sunday[-stave] and Tyrr the prime-stave in the thirteenth row.,de,qwen3.5-4B-ft_multi-lang_20_epochs,"I am Sunday's son, the priest of the third rank."
14,§A ... ¶ ... ¶ ... ¶ ...,§A ... ... ... ... §B ... ... ...,de,qwen3.5-4B-ft_multi-lang_20_epochs,§A ... ... ... ... §B ... ... ... ...
15,[... ...lfa : faþur * sin : auk ...],"... (in memory of) Þjalfi(?), his father and ...",de,qwen3.5-4B-ft_multi-lang_20_epochs,... (in memory of) .../... his father and ...
16,... : [ai](f)(t)(i)(r) * (m)(u)... * (u)…,... in memory of <mu-> ...,de,qwen3.5-4B-ft_multi-lang_20_epochs,... in memory of … and …
17,§A ol(a)f(r) : hnaki : -... ...ra : famtan : (b)o : kan-þis... ...n(m)... ...(i)rþi : s---...,§A Ólafr the Neck ... ... fifteen estates ... ... ... ... §B all may violate Gautr(?) ...,de,qwen3.5-4B-ft_multi-lang_20_epochs,§A Ólafr the Hermit ... of his kin. Both Kánniðr and Kneitr made the stone ... §B ...
18,[biriki ÷ birita ÷ batar ÷ ok ÷ akhi ÷ kyrþi kirkuh ÷ asur ÷ ok ÷ skuli ÷ ok ÷ þorþr ÷ ok ÷ ku=nar ÷ i siua---sta ÷],May Birita save (us). Pétr and Áki made the church. Ôzurr and Skúli and Þórðr and Gunnarr in Sigvaldstaðir.,de,qwen3.5-4B-ft_multi-lang_20_epochs,"Bergikki/Bjerkiki (I) raised in memory of Ásmarr/Ásmr the church, (and) Áskell/Áskulfr cut (the) cross (and) Skúli and Þóðr and Gunnarr in Sýkjaheiðr."
19,þo=rir * ræist * runa=r * þessa=r * þan * olaus*mess*o=æpþa=n ¶ ...r han * fo=r * he=r um ¶ ÷ bæþe= =ge=rþo= =no=(r)ne=r * uæl * o=k * il=la * mikla * møþe ¶ g skapaþu * þær mer,"Þórir carved these runes on the eve of Olaus-mass, when he travelled past here. The norns did both good and evil, great toil ... they created for me.",de,qwen3.5-4B-ft_multi-lang_20_epochs,Ólafr's mass read these runes when he travelled ... Both the Lord and the great Mother made (this) for me.
20,+ BONDO FRISO ME FECIT | ESGERVS RØTH ME FECIT : FIERI | fuþorkhniastblmy---,"Bondo (the) Frisian made me, Esgervs Red had me made. Golden numbers.",de,qwen3.5-4B-ft_multi-lang_20_epochs,Bondo the Frisian made me. Esgir the Red made me. fuþorkhniastblmy...
21,[stoþi * auk * sihtiarfr *  þorker * lit]u * ris[t]a * stin at * aistu[lf * b]roþu[r *] (s)in [sun þorkerþa],"Stóði and Sigdjarfr and Þorgerðr had the stone carved in memory of Eistulfr, their brother, Þorgerðr's son.",de,qwen3.5-4B-ft_multi-lang_20_epochs,"Stóði and Sigdjarfr and Þorgautr had the stone raised in memory of Eistulfr, their brother, Þorgautr's son."
22,þoriR × lit hakua stain at * binu fiþur sin × ketilu[i × at × b]onta sin ×,"Þórir had the stone cut in memory of Bína(?), his father; Ketilvé in memory of her husbandman.",de,qwen3.5-4B-ft_multi-lang_20_epochs,"Þórir had the stone cut in memory of Bínna, his father; Ketilgeirr in memory of his kinsman."
23,+ annus * inkannacionis : domini : millesimus * ducentisimus : tris=cesimus : oktauus : erat : fakta * ak kampana : bero : s=crp*sit,Anno incarnationis Domini millesimo ducentesimo tricesimo octavo erat facta hæc campana. Bero scripsit.,de,qwen3.5-4B-ft_multi-lang_20_epochs,Im Jahr 1808 unserer Zeitrechnung war die Glocke geschmiedet. Erge (erz) (und) Kampana. Geborn (erz).
24,§A kruhs markus (s)u--io-(b) ¶ --(u)(h)(s) (m)aþ(e)(u)s -- §B (k)ruhs iohanæs ¶ (k)ruhs (l)(u)k-- --,"§A Crux, Marcus, ... crux, Matthæus, ... §B crux, Johannes, crux, Lucas …",de,qwen3.5-4B-ft_multi-lang_20_epochs,"§A Crosses: Markos, Matthew's, John's, Luke's. §B Crosses: John, Luke's, Luke's(?)."
25,[* iskirun * harþiR * totiR * lit * risti * runiR * ati * sik * sialfan * hn * uil * austr * fara * auk * ut * til * iursala * fair * risti * runiR *],"Ingirún(?) Harðr's daughter, had the runes carved in memory of herself. She wants to travel to the east and abroad to Jerusalem. Fótr(?) carved the runes.",de,qwen3.5-4B-ft_multi-lang_20_epochs,"Ískerunr (and) Harðr (and) Dótti (or Dórr), they carved the runes. Own them shall the soul pay. He will travel east and go to England. Óðr/Fáir carved the runes."
26,[isifara · auk · k... ... ...-r · sin · hon tu i krikum],<isifara> and ... ... their … He died in Greece.,de,qwen3.5-4B-ft_multi-lang_20_epochs,<isifara> and ... ... his ... he died in Greece.
27,biarfaa : statu : sis[o] stain ¶ hakbiarn :  bruþr  ¶ ruþuisl : austain : imuar ¶ is af[a] : st[ai]n[a] : stata : aft : raf[a] ¶ su[þ] furi : ru[f]staini : kuamu ¶ uit i aifur : uifil ¶ [ba]uþ [u=m],"Hegbjǫrn raised this stone glaring (and his) brothers Hróðvísl, Eysteinn, <-muar>, who have had stones raised in memory of Hrafn south of Rofstein. They came far and wide in Eifor. Vífill bade ...",de,qwen3.5-4B-ft_multi-lang_20_epochs,"Bjǫrn placed this stone. Hekkbjǫrn, Hróðvísl's brother, raised (it). Ásviðr(?) is the owner of the stone, in memory of Ráfr(?). In the furthest north, the rune-stone is in the valley of the sea. God will save (his) soul."
28,[turi : sati : stin : þonsi : aftir : askut : bruþur : sin : iar : barþi : iattin : þikra : i : iatustun : auk : brunia : fik : harþa : kuþan *],"Dýri(?) placed this stone in memory of Ásgautr, his brother, who lived(?) in Jǫtunstaðir(?) and Brúni, a very good valiant man.(?)",de,qwen3.5-4B-ft_multi-lang_20_epochs,"Dýri placed this stone in memory of Ásgautr, his brother. He fought in the east and in the west; he killed a very good ""brun""."
29,...[(n) '] uk ' ihul ' uk ' gisl ' uitr ' li... …,... and Ígull and Gísl (and) Eyndr(?) had ...,de,qwen3.5-4B-ft_multi-lang_20_epochs,"... and Ígull/Ígul and Gísl of Eyjarr/Eygg(?), they ... ..."
30,--rþr * ris-- * kuml * þe... ... ...-aþis * o * eklanti,Þórðr raised this/these(?) monument(s) ... met his end in England.,de,qwen3.5-4B-ft_multi-lang_20_epochs,... these monuments ... met on the edge of the heathland.
31,§P [katil × risti × sten × efti sin broþur : nahhar stens su- +],"Ketill raised the stone in memory of his brother Nagr(?), Harðsteinn's son.",de,qwen3.5-4B-ft_multi-lang_20_epochs,"§P Ketill raised the stone in memory of his brother, <stens> son, §Q Ketill raised the stone in memory of his brother, Njarr, Stenn's son."
32,[+ butulfr : ... : ...s...r : butuiþr : ok : iakaupr : ok : olafr : ...],Bótulfr ... ... Bótviðr and Jakobr and Ólafr ...,de,qwen3.5-4B-ft_multi-lang_20_epochs,Bótulfr ... Bótvíðr and Jakobr and Ólafr ...
33,× fastbiurn × lit rita × stain × iftiR mintil × faþurR sin,"Fastbjǫrn had the stone erected in memory of Myndill, his father.",de,qwen3.5-4B-ft_multi-lang_20_epochs,"Fastbjǫrn had the stone erected in memory of Myndill, his father."
34,§A pa=l æi(n)(a)=(r)so=n : ræist : run(a)=(r) (:) þæs...,§A Páll Einarr's son carved these runes §B ... this stone in memory of ...,de,qwen3.5-4B-ft_multi-lang_20_epochs,§A Páll of Einarsveinn carved these runes. §B ...
35,* ali : lakþi : stin : þasi : uftiR : uþu : kunu : s... ...u : harþa : kuþa,"Áli/Alli laid this stone in memory of Auða, his wife ... very good.",de,qwen3.5-4B-ft_multi-lang_20_epochs,"Áli laid this stone in memory of Auði, his wife ... a very good woman."
36,--ti- + karþi × br(u) + þasi + a-tiR + hemkil + auk * siba sunu × sina,"<--ti-> made this bridge in memory of Heimkell and Sibbi, her sons.",de,qwen3.5-4B-ft_multi-lang_20_epochs,"... made this bridge in memory of Hemkell/Hemkell and Sibbi, her sons."
37,Side A : tuki : r-... : br--... Side B ...-s-…,Tōki …,de,qwen3.5-4B-ft_multi-lang_20_epochs,Tóki raised ... ...
38,§A ... ¶ ... §B ... ¶ …,§A ... ... §B ... …,de,qwen3.5-4B-ft_multi-lang_20_epochs,§A ... ... §B ... ...
39,+ aslagr : pr(e)str * reit * runa=r þessa=r,Áslakr the priest wrote these runes.,de,qwen3.5-4B-ft_multi-lang_20_epochs,Áslagmr the priest carved these runes.
40,h[outi]an [* auk * asur * þair * litu *] (r)aisa * merki * þisa * at [*] (u)l[f] * faþur * sin *,"<houtian> and Ôzurr, they had these landmarks raised in memory of Ulfr, their father.",de,qwen3.5-4B-ft_multi-lang_20_epochs,"Þorsteinn/Þorfaun/Þorsteinn and Ôzurr, they had these landmarks raised in memory of Ulfr, their father."
41,§A -uki : os^a : b : r^aisþ^a : u^ar : aft : -^t-a^þ : -(i)- : nafis §B : þo : is : o(s)(i) : --- : þ^aþa^n : (a)(u)- -u^a : staina : þisa : -----,§A ... §B …,de,qwen3.5-4B-ft_multi-lang_20_epochs,§A ... ... ... ... ... ... ... ... ... §B ... ... ... ... ... ... ... ...
42,tu-iR : resþi : sta... ... unþik : bru-ur : sin :,"Tólir/Dóttir raised the stone ... Óníðingr, his/her brother.",de,qwen3.5-4B-ft_multi-lang_20_epochs,"Tórir raised the stone ... Ónúngeirr, his brother."
43,a	b	c	d	e	f	g	h	i	k	l	m	n	o	p	r	s	t	u	v	y	.	þ	.	.	.,a	b	c	d	e	f	g	h	i	k	l	m	n	o	p	r	s	t	u	v	y	.	þ	.	.	.,de,qwen3.5-4B-ft_multi-lang_20_epochs,a	b	c	d	e	f	g	h	i	k	l	m	n	o	p	r	s	t	u	v	y	.	þ	.	.	.
44,× þorkis[l] -uk × þorstin auk × uibiarn × auk × olifr × --tu × raisa × stin × eftiR × þorbiarn × faþur × sin,"Þorgísl and Þorsteinn and Vébjǫrn and Óleifr had the stone raised in memory of Þorbjǫrn, their father.",de,qwen3.5-4B-ft_multi-lang_20_epochs,"Þorgísl and Þorsteinn and Vébjǫrn and Ófeirr/Ófeigr had the stone raised in memory of Þorbjǫrn, their father."
45,[kalukR lit × risa × stn × þina × iftR × siba · boanta sin × koes...--... faþur · s¶in han fal · s... ¶ keþfrekr],"<kalukR> had this stone raised in memory of Sibbi, her husbandman ... her father. He fell south(?) …",de,qwen3.5-4B-ft_multi-lang_20_epochs,"Gullaugr had this stone raised in memory of Sibbi, her husbandman. Gœsr(?), her father, ..."
46,§A + tak ' hiR krist * (e)yratr * hafir * kart ' klukhera * sun ' amen,"§A Thank-you(?), Lord(?) Christ. Eyrhvatr(?) has made, son of the organist. Amen. §B Jubilant.",de,qwen3.5-4B-ft_multi-lang_20_epochs,"§A Take(?) here(?) Christ. Hafir made. The son of Amm(?), who coloured §B the runes."
47,§A d=um * das : ka=rus * e=ris : da=re : des--,"§A As long as you give, you will be held dear; if you abandon giving, §B you will be despised.",de,qwen3.5-4B-ft_multi-lang_20_epochs,§A ... ... ... ... §B ... ... ... ...
48,[× aist]r × lit × [ra... ... ... suart×haufþa × faþur] ...,"Eistr had … raised in memory of Svarthǫfði, his father.",de,qwen3.5-4B-ft_multi-lang_20_epochs,"Eistr had raised ... ... Swarthhofti, father ..."
49,bosi : tlhi ¶ kirki ¶ bosi : ta=lh`þ´i sten ¶ til skatma ¶ kirkiu,Bósi shaped the church. Bósi shaped the stone for the church of the inhabitants of Skatelöv.,de,qwen3.5-4B-ft_multi-lang_20_epochs,Bósi the lame made a church. Bósi the lame coloured (i.e. painted) the stone for the chapel-church of Skatmunde.
50,baki : fulk(s)tin þiR : raisþu : stin : þan:si : at : faþur : sin kitilhafþa þ=r=u=t=a=R= =þ=i=a=k=n uit,"Banki/Baggi (and) Folksteinn, they raised this stone in memory of their father Ketilhǫfði, a Þegn of strength. ...",de,qwen3.5-4B-ft_multi-lang_20_epochs,"Bogi (and) Folkhjalt, they raised this stone in memory of their father Ketilhǫfði ... ... ... ..."
51,riuiþr : risiþ : sti : þasi : auftiR : kirm : su : sin : miuk : kuþan : trik :,"<riuiþr> raised this stone in memory of Grímr, his son, a very good valiant man.",de,qwen3.5-4B-ft_multi-lang_20_epochs,"Ríviðr raised this stone in memory of Grímr, his son, a very good ""miuk"". Trygg/Divided(?)."
52,auþa : auk : ika * auk * erintis * þriþi * hafa * muþk-... -þ um * karua * stain ra--... itiR * suain * faþur : sin * auk * at kuþfast * bruþr * sin * han uaR : sun : auþuR,"Auða and Inga and Erindís as the third, the mother and daughters have (achieved) the feat of making and raising(?) the stone in memory of Sveinn, their father, and in memory of Guðfastr, their brother. He was Auða's son.",de,qwen3.5-4B-ft_multi-lang_20_epochs,"Auða and Inga and Erindr the Hove, mother and ... ... ... the stone ... in memory of Sveinn, their father, and in memory of Guðfastr, their brother. He was Auðvr's son."
53,...--- × lagþu × s... …,... laid the stone ...,de,qwen3.5-4B-ft_multi-lang_20_epochs,... laid the stone(?) ...
54,a=u=æ ÷ maria ÷ iæssus + {ANNO : DOMINI : MO : CCCO : XLO : QUINTO : DECIMO : SEPTIMO : KLAS : AUGUSTI : CURATO : ECCLEIE : DOMINO : OLAUO : TUTORIBUS : ECCLEIE : GEDSTAUO : ET : NICHOLAO : HAQUINUS : FUDIT : HANC : CAMPANAM : MAGNO : REGE : SUECIE : DNO : SIGGONE : EPISCOPI : SCARENSI} : +,Ave Maria Jesus. {Anno domini millesimo trecentesimo sexagesimo quinto decimo septimo kalendas augusti curato ecclesiae domino Olauo tutoribus ecclesiae Gedstauo et Nicholao Haquinus fudit hanc campanam Magno rege Sueciae domino Siggone episcopo Scarensi.},de,qwen3.5-4B-ft_multi-lang_20_epochs,"Hail Mary, (full of) grace. {Anno Domini MCCCXLV, die decima septima augusti, curato ecclesie domino Olauo, tutoribus ecclesie Gedstauo et Nicholao, Haquinus fecit hanc campanam, magno rege Suecie domino Siggoni episcopo scarensi.}"
55,osfriþr : risþi : stin : þonsi : eftiR : osgiR : hrþa : kuþan : trek : buta * sin,"Ásfríðr raised this stone in memory of Ásgeirr, her husbandman, a very good valiant man.",de,qwen3.5-4B-ft_multi-lang_20_epochs,"Ásfríðr raised this stone in memory of Ásgeirr, her husbandman, a very good valiant man."
56,§A + esse krucem tomini fugite pa=rtes atu=erse : uicit leo * de tribu iuta ratiks ta=uit,"§A Behold the cross of the Lord; flee, you hostile powers. The lion of the tribe of Juda, the root of David, has conquered. §B Four letters on the forehead-plate that Aaron bore on his forehead, Jesus Christ. §C Mark, Matthew, Luke, John. §D Tetragrammaton. Alpha and Omega.",de,qwen3.5-4B-ft_multi-lang_20_epochs,"§A Eat the cross of the Lord! Flee, parts of the devil! The lion has cried from the tribe of Jacob. The serpent has shrieked. §B ..."
57,§A f... ¶ ...ku-... ¶ ...-kas--... ¶ ...-kh--...,§A ... ... ... ... §B ...,de,qwen3.5-4B-ft_multi-lang_20_epochs,§A ... ... ... ... §B ... ... ...
58,Side A ...(k)hniistmlR Side B n,[fuþor]khn[ia]s[tb]lmR …,de,qwen3.5-4B-ft_multi-lang_20_epochs,…
59,iþinui ' uk ' austain ' uk ' ulfr ' uk * ol(a)[fr * litu * raisa * s]tain * iftiR hal(f)tan faþur sin,"Heðinvé and Eysteinn and Ulfr and Ólafr had the stone raised in memory of Halfdan, their father.",de,qwen3.5-4B-ft_multi-lang_20_epochs,"Þeynvi/Þjǫnvi and Eysteinn and Ulfr and Ólafr had the stone raised in memory of Halfdan, their father."
60,...-ta : bain : uas * (i)-(u)--...,This bone was ...,de,qwen3.5-4B-ft_multi-lang_20_epochs,... his wife was …
61,§A (b)isi * sati : st[(n)] : þisi : iftiR : þurkut : u----þi : faþur,"§A Bisi placed this stone in memory of Þorgautr ... his father. §B And Gunna, both. Thistle, mistletoe, casket.",de,qwen3.5-4B-ft_multi-lang_20_epochs,Bísi placed this stone in memory of Þorgautr ... father.
62,× ilturi × lit × raisa × stin × eftiR × sukiR × faþur × sin × kuþ × hialbi * ant * ahns ×,"<ilturi> had the stone raised in memory of Siggeirr/Seygeirr, his father. May God help his spirit.",de,qwen3.5-4B-ft_multi-lang_20_epochs,"Illuré had the stone raised in memory of Sighrǫr/Sveigr, his father. May God help his spirit."
63,§A · anut · ... ...-n · sin · uk ifti(R) ... ...þa ·,ENG: Ônundr ... his son and in memory of ... ... his => §A Ônundr ... his son and in memory of ... ... §B ... …,de,qwen3.5-4B-ft_multi-lang_20_epochs,§A Ônundr ... his spirit and in memory of ... his spirit. §B ... spirit.
64,+ kuþluk * lit ... ... ... ...a × sun * sin * auk * at * sik * sialfa * han * to * a lank*barþa*l--ti *,"Guðlaug had the stones raised in memory of Holmi, her son, and in memory of herself. He died in Lombardy.",de,qwen3.5-4B-ft_multi-lang_20_epochs,"Guðlaug had ... ... ... her son, and in memory of herself. He died in England(?)"
65,[anuntr ' uk ' þorbiarn ' li-u * rita sitn yftiR * katelmunt * bruþur],"Ǫnundr and Þorbjǫrn had the stone erected in memory of Ketilmundr, (their) brother.",de,qwen3.5-4B-ft_multi-lang_20_epochs,"Ônundr and Þorbjǫrn had the stone erected in memory of Ketilmundr, (their) brother."
66,§A þa : ræist : mik : oa=k : ræisti ¶ [: a]mundi : o=rmstæins:a:sun : a : sot=range,§A Ámundi Ormsteinn's son of Sótrangr carved and raised me then. §B The border-mark is from here east into Langaforsinn. §C fir §D ...,de,qwen3.5-4B-ft_multi-lang_20_epochs,"§A Ámundi Ormsteinn-á-sun of Sótterangr carved me, and he did §B as a memorial-stone."
67,... : þensa : iftir : eskil : (b)(r)-(þ)... …,"... this in memory of Áskell, brother …",de,qwen3.5-4B-ft_multi-lang_20_epochs,"... this in memory of Áskell, (his) brother ..."
68,+ suain + auk + biarn × auk × ikulfastr × litu × raisa × stin × eftiR × ikul × faþur × sin ×,"Sveinn and Bjǫrn and Ígulfastr had the stone raised in memory of Ígull, their father.",de,qwen3.5-4B-ft_multi-lang_20_epochs,"Sveinn and Bjǫrn and Ígulfastr had the stone raised in memory of Ígull, their father."
69,[+ hkir : rullis : raneulfr : sniaual... ...],Here rests(?) Randulfr(?) Snjóvaldr's ...,de,qwen3.5-4B-ft_multi-lang_20_epochs,Hegrim cut the runes ...
70,stifatr : sati : stin : þani : efti(r) …,Styfjaldr(?) placed this stone in memory of ...,de,qwen3.5-4B-ft_multi-lang_20_epochs,Steinnfriddr(?) placed this stone in memory of ...
71,[hulRstan : lit : kera : mer-... ...lf sun sin *],Holmsteinn had the landmark made ... his son.,de,qwen3.5-4B-ft_multi-lang_20_epochs,"Holmsteinn had the landmark made ... -self/...-son, his son."
72,auþbiarn : lit : reisa : stein : ...----... hialbi sialu * has,Auðbjǫrn had the stone raised ... May (God) help his soul.,de,qwen3.5-4B-ft_multi-lang_20_epochs,Auðbjǫrn had the stone raised ... May God help his soul.
73,rehinmoþ : læt * gæra : hualf : ifir * gunnar : æsbeorna=r * so=n : ¶ {HARALDVS : ME : FECIT : MAHISTER ¶ REGINMOT * LET * GERA * HVALF :¶ IFIR : GVNNAR : ESBEORNAR : SON},Reginmóð had the vault made over Gunnarr Ásbjǫrn's son. {Haraldus me fecit magister. Reginmóð had the vault made over Gunnarr Ásbjǫrn's son.},de,qwen3.5-4B-ft_multi-lang_20_epochs,Reginmóð had this vault made over Gunnarr Ásbjǫrn's son. {Haraldus master of me made ... ... ... ... ... ...}
74,a	b	c	t	e	f	g	h	i	k	?	m	n	o	k	m	r	s	d	u	X	?	þ,a	b	c	t	e	f	g	h	i	k	?	m	n	o	k	m	r	s	d	u	X	?	þ,de,qwen3.5-4B-ft_multi-lang_20_epochs,a	b	c	t	e	f	g	h	i	k	?	m	n	o	k	m	r	s	d	u	X	?	þ
75,[(u)tar : auk : -... ... ...þis : a=ustr × ...uk-ma],Óttarr and ... ... met his end in the east ...,de,qwen3.5-4B-ft_multi-lang_20_epochs,Óttarr and ... this east ...
76,* kiarþar + auk * ioruntr * lata ' reisa * þisa * steina * eftir * systur*suni * sina * irnmunt : auk ' ikiunt *,Gerðarr and Jǫrundr have raised these stones in memory of their sister's sons Ernmundr and Ingimundr.,de,qwen3.5-4B-ft_multi-lang_20_epochs,Gerðarr and Jôrundr had this stone raised in memory of their sister's son Ernmundr and Ingunnr (in memory of him).
77,kun(t)(k)el : sati : sten : þansi : eftiR : kunar : faþur : sin : sun : hruþa : halgi : lagþi : han : i : sten:þr : bruþur : sin : a : haklati : i : baþum,"Gunnkell placed this stone in memory of Gunnarr, his father, Hróði's son. Helgi laid him, his brother, in a stone coffin in Bath in England.",de,qwen3.5-4B-ft_multi-lang_20_epochs,"Gunnkell placed this stone in memory of Gunnarr, his father, son of Helgi. Hvalgi(?) laid him in the stone, (who) lived in Hvald(?) in Baðir, his brother."
78,[sihtia]rf ' auk humbiurn ' [auk þur](b)iurn ' þiR lit[u] r[i](t)a stin þino auk b[ru * kira at iu]n faþur * [sin],"Sigdjarfr and Holmbjǫrn and Þorbjǫrn, they had this stone erected and the bridge made in memory of Jón, their father.",de,qwen3.5-4B-ft_multi-lang_20_epochs,"Sigdjarfr and Hemmbjǫrn and Þorbjǫrn, they had this stone raised and the bridge made in memory of Jón, their father."
79,...[r + kiarþi + kuml + þasi ·] -ftiR + kum... ...-a...-...[n +] ¶ ...----------…,... made these monuments in memory of Gummi(?) ... …,de,qwen3.5-4B-ft_multi-lang_20_epochs,... made these monuments in memory of Kum- ... …
80,d	e	g	g	p	c|z	?	?	?,d	e	g	g	p	c/z	?	?	?,de,qwen3.5-4B-ft_multi-lang_20_epochs,... ... ... ... ... ... ... ...
81,+ uibaurn + risti + stin + þasa + aftiR + þurkiR + bruþur + sin,"Vébjǫrn raised this stone in memory of Þorgeirr, his brother.",de,qwen3.5-4B-ft_multi-lang_20_epochs,"Vébjǫrn raised this stone in memory of Þorgeirr, his brother."
82,§A (f)uþ sinniþik §B i guþ gæti ' (i)tþ(i)inatui--i guþ,§A cunt(?) ... §B ... May God protect ... God,de,qwen3.5-4B-ft_multi-lang_20_epochs,§A May you be rewarded with your life in God. May you die in God's grace. §B May you be rewarded with your life in God.
83,...fi... ...(k)þu : yfiR : mu…,... laid over ...,de,qwen3.5-4B-ft_multi-lang_20_epochs,... made(?) you over(?) ...
84,§P kuþbirn : uti : þaiR r(a)isþu : stan þansi : at : kuþmar : f(a)þur : sin : stuþ : triki:l(a) : i · stafn skibi : likR uistarla uf huln sar tu :,"§P Guðbjǫrn (and) Oddi, they raised this stone in memory of Guðmarr, their father. He who died stood valiantly in the staff of the ship; (now) lies inhumed in the west. §Q Guðbjǫrn (and) Oddi, they raised this stone in memory of Guðmarr, their father. Stood valiantly in the staff of the ship; lies inhumed in the west, ...",de,qwen3.5-4B-ft_multi-lang_20_epochs,"§P Guðbjǫrn, Oddi(?) they raised this stone in memory of Guðmarr, their father, a very able steward, staff-keeper of the ships. ... ... ... ... §Q Guðbjǫrn, Oddi(?) they raised this stone in memory of Guðmarr, their father, a very able steward, staff-keeper of the ships, ... ... ... ... §R Guðbjǫrn, Oddi(?) they raised this stone in memory of Guðmarr, their father, a very able steward, staff-keeper of the ships, ... ... ... ..."
85,stein * þænnna * gærðe * ¶ botolfr * steinmeist=aræ,Bótulfr the stonemaster made this stone.,de,qwen3.5-4B-ft_multi-lang_20_epochs,"Steenmade, Þólmundr made this stone."
86,ormiga : ulfua-r : krikiaR : iaursaliR (:) islat : serklat,"Ormika, Ulfhvatr(?), Greece, Jerusalem, Iceland, Serkland.",de,qwen3.5-4B-ft_multi-lang_20_epochs,The evening bell of the watch of the wardens is struck at eight.
87,-ikfastr : ak × une... ... ...a × eftiR × iluka × fþu... ...,"Sigfastr and Ónæmr ... ... in memory of Illugi, (their) father …",de,qwen3.5-4B-ft_multi-lang_20_epochs,"Leiffast and Unn-... ... in memory of Illugi, (his) father ..."
88,§A ... ...ina : ok (l)... (þ)ena,§A ... stones and ... this §B had made ...,de,qwen3.5-4B-ft_multi-lang_20_epochs,§A ... Ingvarr(?) and ... this. §B ... this.
89,§A þurstin × uk × ragnfriR × þu (r)(i)stu × stin × þina × iftiR × (b)iur[n] × i krnbu,"§A Þorsteinn and Ragnfríðr, they raised this stone in memory of Bjǫrn in Granbýr, §B Kalfr's brother. Vígmundr slaughtered him. May God help his spirit and soul better than he deserved.",de,qwen3.5-4B-ft_multi-lang_20_epochs,"§A Þorsteinn and Ragnfríðr, they raised this stone in memory of Bjǫrn of Kringabó. §B ..."
90,fraybiarn : auk : kuþrun : þau : ritu : stain : at * romunt * sun * sin * snialan * haiR * at * marhu * roþkais * broþiR * kuþ * hialbi * antu * ybiR * hiok runaR [iRma : k],"Freybjǫrn and Guðrún, they erected the stone here as a landmark in memory of Hróðmundr, their able son, Hróðgeirr's brother. May God help (his) spirit. Œpir cut the runes ... ...",de,qwen3.5-4B-ft_multi-lang_20_epochs,"Freybjǫrn and Guðrún, they erected the stone in memory of Hróðmundr, their able son, Hróðgeirr and (their) brother - may God help - their son. Œpir cut the runes."
91,a	b	c	d	e	f	g	h	i	k	l	m	n	o	p	r	s	t	u	.	y	.	þ	æ	ø	.,a	b	c	d	e	f	g	h	i	k	l	m	n	o	p	r	s	t	u	.	y	.	þ	æ	ø	.,de,qwen3.5-4B-ft_multi-lang_20_epochs,a	b	c	d	e	f	g	h	i	k	l	m	n	o	p	r	s	t	u	.	y	.	þ	æ	ø	.
92,* þurkiR : resþi : kuml : þusi : eftiR : onut : konb : faþur : sin :,"Þorgeirr raised these monuments in memory of Ônundr Moustache, his father.",de,qwen3.5-4B-ft_multi-lang_20_epochs,"Þorgeirr raised these monuments in memory of Ǫnundr the widower, his father."
93,þtæ : ska^rfa^þi : ulæf : fa^rby^nsun,Olafr/Oleifr Farbjǫrnsson joined this together.,de,qwen3.5-4B-ft_multi-lang_20_epochs,Ulfr's son Skarfaði coloured this stone.
94,§PA ÷ ilon ÷ (æ)(l)rikum : nonim ÷ ilon ¶ illy : þ : ilon : r : br * sabaot : zion,§PA Elon ... ... Elon ... ... Elon ... ... Sebaoth Zion §PB Elion ... Adonai lux(?) ... grammaton Sebaoth(?) Michael Gabriel §PC Rafael. §QA Elon ... ... Elon ... ... Elon ... ... Sabaoth Zion(?) §QB Elion ... Adonai lux tetragrammaton Sadai(?) Michael Gabriel §QC Rafael.,de,qwen3.5-4B-ft_multi-lang_20_epochs,"§PA I long for your salvation, Lord, for Zion. §PB I long for you, Lord, for your love (mercy) and for your house."
95,[asfriþ --- hakua × stan × at × tierf * sun * sin * nasi * at * broþur * sin likbiarn hiak + merki],"Ásfríðr had the stone cut in memory of Djarfr, her son; Nasi/Nesi in memory of his brother. Líkbjǫrn cut the landmark.",de,qwen3.5-4B-ft_multi-lang_20_epochs,"Ásfríðr had the stone cut in memory of Djarfrǫðr, her son; Nesir/Nesi in memory of his brother. Líkbjǫrn cut. Mark!"
96,...-m : bruþ(i)m : ...(a)im : raist- : kumbl : þitsi : (a)-... | ... (u)k : afteR : as--l : bruþuR : sin : guþ : hi…,"... Bróðir, they raised this monument ... and in memory of Áskell, their brother. God help …",de,qwen3.5-4B-ft_multi-lang_20_epochs,"...-mundr(?), Brœtr(?), ... raise this monument ... and in memory of Ásval(?), their brother. God help ..."
97,Side A ... -(æ)þ-(-)ti-us : (a)-...--... | ... : os : ræh(n)aþ : k(r)... | ...-...(l)(i)(s)l(æ)i : --ks(i) ... Side B ...þ-(-)t...i... | ...-s : ræh... | ...-(s)l(æ)i : -…,... {os} regnat Christus(?) ... regnat(?) …,de,qwen3.5-4B-ft_multi-lang_20_epochs,... ... ... ... ... ... …
98,* austin * risþi * stin * ayftiR * kata * frita * sin *,"Eysteinn raised the stone in memory of Káti/Gaddi, his kinsman.",de,qwen3.5-4B-ft_multi-lang_20_epochs,"Eysteinn raised the stone in memory of Káti, his free wife."
99,hake ÷ beanar÷sun ÷ a mik ÷ suæn ÷ os-(u)-dar÷sun ÷ slo ÷ mik ÷ osofar ÷ ræs÷t ÷ mik ÷ auk ÷ læiste ÷ oþesndhen ÷ nesta ÷ eptir ÷ olafs÷foku ÷ a seta ÷ are ÷ rikes ÷ f(o)s ÷ firþulhs ÷ hæra ÷ mahnusar ÷ norihs ÷ konohs,"Haki Bjǫrn's son owns me, Sveinn Ásmundr's son hammered me, Ásulfr carved and read me on the first Wednesday after Ólafr's-vigil in the sixth year of the reign of our worthy Sire Magnús, King of Norway.",de,qwen3.5-4B-ft_multi-lang_20_epochs,"Háki Beanar's son owns me. Sven Oddvar's brother said to me. Óssarr destroyed me and wrote the thirteenth rune after Ólaf's fight in the west. Are the king's forces the first to destroy me. Magnús of Norrøns, king of the Vikings."
100,birla : sati : ... | ... : iftiR : tuka | mak : sin …,"Birla placed (this stone?) in memory of Tóki, his/her kinsman-by-marriage.",de,qwen3.5-4B-ft_multi-lang_20_epochs,"Bjǫlrge(?) placed ... in memory of Tóki, his kinsman-by-marriage …"
1,* aystin * auk * astriþr * raistu * stina * aftir * kak * sun * sin *,"Östen och Estrid reste stenarna efter Gag, sin son",sv,qwen3.5-4B-ft_multi-lang_20_epochs,"Östen och Ästrid reste stenarna efter Käk, sin son"
2,eskil : sulka : sun : let : res(a) ¶ sten : þena : eft : sialfan ¶ sik * e mun * stanta * meþ * sten ¶ lifiR * uitrint * su * iaR * uan * eskil kristr * hialbi * siol * hans ¶ aok * santa * migael toki * risti * runaR * e(f)(t)(i)(R) (*) -(o)ru * ¶ stiubmoþur * sina * kunu * koþa,"Eskil, Sulkes son, lät resa denna sten efter sig själv. Alltid må stå, medan stenen lever, denna minnesskrift, som Eskil gjorde. Kristus hjälpe hans själ och Sankt Mikael.
Toke ristade runorna efter Tora, sin styvmor, en god kvinna.",sv,qwen3.5-4B-ft_multi-lang_20_epochs,"Eskil Sulkes son lät resa denna sten efter sig själv. Han ska stå med sten, som var vid liv, svägerson till Eskil. Krist hjälpe hans själ och helige Michael. Torge riste runorna efter sin styvmor, en god kvinna."
3,iskil : auk : knauþimanr : raistu : stain : þansi : at : bruþur : sin : suera : as : uarþ : tauþr * o * eklanti kuml * kiarþu : þatsi [: ki]til  [s](b)[akR],"Eskil och Gnödigmand reste denna sten efter sin broder Sverre, som dog i England. Detta minnesmärke gjorde Kättil och Spak.",sv,qwen3.5-4B-ft_multi-lang_20_epochs,Iskil och Knodeman reste denna sten efter sin broder Svara. Han dog i England. Goml gjorde dessa minnesmärken. Ketil spåkare
4,₫orka- ' -(u)- ' -(u)--- ' (b)(r)(a)n(t)(r) ' ---... n-...- ' ... ' ybir ' risti,Torkel och ... Brand ... Öpir ristade,sv,qwen3.5-4B-ft_multi-lang_20_epochs,Torke ... bröderna ... styren ... Öpir ristade
5,[i-rkiorþ · lit · raisa · stain] · at ' anut ' faþur · sin [auk at ...tau-...] moþur sina · kuþ · hiebi · sal · þair-,"... lät resa stenen efter Anund, sin fader , och efter ... sin moder. Gud hjälpe deras själar.",sv,qwen3.5-4B-ft_multi-lang_20_epochs,"Ingerd lät resa stenen efter Anund, sin fader, och efter ... sin moder. Gud hjälpe deras själ."
6,× kilauk × aiki × nefs × totiR × lit × raisa × stin × iftiR × trakmal × muþur×faþur × sin ×,"Gillög, Ekinevs dotter, lät resa stenen efter Dragmal, sin morfar.",sv,qwen3.5-4B-ft_multi-lang_20_epochs,"Gillaug och Nevs, Todis dotter, lät resa stenen efter Trakmal, sin moderfader"
7,sihuastr ' uk ' bratr ' uk ' uikitil elha ' lit ' rita stin iftiR ' anhuit ' sun ' sin ' sum '  tauþr '  huita'huaþum ' (k)ristr ' ialbi ' sial ' antuita,"Sigvast och Brand och Vikättel. Helga lät resa stenen efter Andvätt, sin son, som dog i vita vader. Krist hjälpe Andvätts själ.",sv,qwen3.5-4B-ft_multi-lang_20_epochs,"Sigfast och Brand och Vigtil (och) Elva lät resa stenen efter Andvätt, sin son, som dog av hävdande. May Kristus hjälpa Andvättes själ."
8,aterfr * ... [* fuluki * lit(u)] * res... ... * eftiR * uiterf ' faþur [sin ...arm(i)lr * fals]...,"Ådjärv och Fulluge lät resa stenen efter Vidjärv, sin fader ...",sv,qwen3.5-4B-ft_multi-lang_20_epochs,"Älvfr ... Fulluge lät resa ... efter Väderve, sin fader ..."
9,kilinR : r(e)isti ...(u)þur : sin : kuþ : hiabi : s(i)ol : has :,Gilling reste ... sin broder. Gud hjälpe hans själ.,sv,qwen3.5-4B-ft_multi-lang_20_epochs,Gilling reste [efter] sin broder. Gud hjälpe hans själ.
10,asgautr : raisti : stin : þena : ... ...(r)(l) : faþur : sin × fostra : arna,"Åsgöt reste denna sten efter ... sin fader, Arnes fosterbroder",sv,qwen3.5-4B-ft_multi-lang_20_epochs,"Asgot reste denna sten ... sin fader, arvister"
11,: auþkil : uk : suin : karþu : kuml : þusi : RftiR : oskut : hlu : faþur :: sin : kuþan : þRkn :,"Ödkel och Sven gjorde detta minnesmärke efter Åsgöt , sin fader, en god man",sv,qwen3.5-4B-ft_multi-lang_20_epochs,"Audkil och Sven gjorde detta kumle efter Åsgöt, sin fader, en god man"
12,[klintr auk blikr × ristu stin × þinsi * iftiR kunu(i)þ] × faþur × sin + han [× foR bort miþ (i)kuari + kuþ trutin hialbi ont ...](r)[a *] kristin[a þu]r[iR + --an- × ri]s[ti +],"Klint och Blek reste denna sten efter Gunnvid, sin fader. Han for bort med Ingvar. Gud drotten hjälpe alla kristnas ande. Tore ristade runorna.",sv,qwen3.5-4B-ft_multi-lang_20_epochs,"Kling och Blåk reste denna sten efter Gunnvid, sin fader. Han reste bort med Ingvar. Gud Vårt Fader hjälpe hans ande ... Kristus, den som ristade."
13,...[(u)](a)i- × [(a)]uk × ulf- litu × raisa × stai-(a) × e(f)tiR × hlftan * auk * eftiR × kunar × bryţr × sina × ţaiR * antaţus × aust... ...(u)m,"Sven och Ulv lät resa stenarna efter Halvdan och efter Gunnar, sina bröder. De dog österut ...",sv,qwen3.5-4B-ft_multi-lang_20_epochs,"... och Ulv lät resa stenen efter Halvdan och efter Gunnar, sina bröder. De ägdos österut ..."
14,+ a-... ... ...- + ra---u + stain + eftir haruk + bruþur + sin + in + rakn-... ... ...anta + sin + auk + at suni + ... ... ... ...ar þisi,"... reste stenen till minne av Haruk, deras broder, och Ragnhild [?] sin make och efter [deras] söner ... dessa runor",sv,qwen3.5-4B-ft_multi-lang_20_epochs,"... lät resa stenen efter Häring, sin broder. Och Ragnvald lät resa denna sten efter sin make och efter sina söner"
15,ulfr * uk uikil + uk syrkil * þa... ...- stain * þina i(f)(t)iR ayt--u faþur sin ku*þ (h)ia[lbi] a-t,Ulf och Vikel och Syrkel de .. denna sten efter ... sin fader. Gud hjälpe anden,sv,qwen3.5-4B-ft_multi-lang_20_epochs,"Ulf och Vigil och Sörkil de lade denna sten efter Ötlev, deras fader. Gud hjälpe"
16,+ hialmuiþr + raisti + stain + at * þorkut + sun sn + amuti + risti + runar +,"Hjälmvid reste stenen efter Torgöt, sin son. Amunde ristade runorna.",sv,qwen3.5-4B-ft_multi-lang_20_epochs,"Hjälmd vid reste stenen efter Torgöt, sin son. Amunde ristade runorna"
17,+ þæ(t)(t)a · hus · er · u... kt · dt^rotne · ua^ro... o^k mo^ðo^r · ha^ns · ma^riu a^k pet^re postola,Detta hus är vigt åt vår Herre och hans moder Maria och Petrus aposteln,sv,qwen3.5-4B-ft_multi-lang_20_epochs,Detta hus är uppfört till minne av moder och son till Maria och Peter apostlar
18,otrukr * ahmuntr : sihraifr : þaiR : litu : hakua : stain : at : bofa : faþur : sin * snialan *,"Otrygg, Agmund, Sigrev, de lät hugga stenen efter Bove, sin fader klok",sv,qwen3.5-4B-ft_multi-lang_20_epochs,"Ottr, Agmund, Sigreifr, de lät hugga stenen efter Bofe, sin fader, en mycket skicklig man"
19,...mikR * lit * hkua * stain iftR s-... sin koþan,[Hä]ming lät hugga stenen efter sin gode [son],sv,qwen3.5-4B-ft_multi-lang_20_epochs,... -mög lät hugga stenen efter ... sin gode man
20,ikifastr ' lit ' raisa ' stain * uk ' bro ' kera ' eftiR ' iarlabaka ' faþur ' s[in ' uk ' sun ' io]runa ' uk ' ketilau lit ' at ' bonta ' sin ybir risti,"Ingefast lät resa stenen och göra bron efter Jarlabanke sin fader och Joruns son, och Kättilö lät [resa stenen] efter sin man. Öpir ristade",sv,qwen3.5-4B-ft_multi-lang_20_epochs,"Ingefast lät resa stenen och göra bron efter Jarlabanke, sin fader, Jorunes son. Och Kättilå lät [resa stenen och göra bron] efter sin man. Öpir ristade."
21,ra(h)nfriþr ' lit rasa stain þino ' aftiR biurn * sun þaiRa * kitilmun(t)aR ' kuþ mialbi hons (a)nt auk| |kuþs (m)uþiR hon fil a uirlanti * in osmuntr markaþi,"Ragnfrid lät resa denna sten efetr Björn, hennes och Kättilmunds son. Gud och Guds moder hjälpe hans ande. Han föll i Virland. Och Åsmund ristade.",sv,qwen3.5-4B-ft_multi-lang_20_epochs,"Ragnfrid lät resa denna sten efter Björn, sin son, och Kättilmunde. Gud och Guds moder hjälpe hans ande. Han dog i Värmland. och Åsmund ristade."
22,ma=ria : ilYihi-- ¶ iY i(Y)a=nis fa=þi(i)(r) ¶ (-)isu tius (*) mius ilYi ¶ Yk sunr Yk anti,"Maria, Eloihim, Johannes, Johannes fader, Jesus, min Gud, Eloi och sonen och anden",sv,qwen3.5-4B-ft_multi-lang_20_epochs,"Min kärleksfulla make, din fader, min älskade son, min älskade son"
23,þuri × risþi stn × þansi iftR × þuriuþ × faþur si(n),"Tore reste denna sten efter Torvid, sin fader",sv,qwen3.5-4B-ft_multi-lang_20_epochs,"Tore reste denna sten efter Tore, sin fader"
24,: sluta : reisþi : s(t)ein : þena : eftiR : esbiurn : felaga : sin : auk : karþi : bru : þesi,"Sluta reste denna sten efter Esbjörn, sin bolagsman",sv,qwen3.5-4B-ft_multi-lang_20_epochs,"Slaguta reste denna sten efter Asbjörn, sin kompis, och gjorde denna bro"
25,[: sbak]R (:) le[t] : kerua : kuml : eftiR : suni : sina : suen : auk * rymik,Spak lät göra minnesmärket efter sina söner Sven och Röming,sv,qwen3.5-4B-ft_multi-lang_20_epochs,Spak lät göra kumlet efter sina söner Sven och Rymerik
26,ulafR : sati : stin : þansi : eftiR : siba : sun : sin,"Olov satte denna sten efter Sibbe, sin son",sv,qwen3.5-4B-ft_multi-lang_20_epochs,"Olav satte denna sten efter Sibbe, sin son"
27,kuþr... ... (f)aþur sin * fur * hfila * hn * til * iklans * kuþ halbi * sil hns,Gudr ... sin fader. Han for manligen till England. Gud hjälpe hans själ.,sv,qwen3.5-4B-ft_multi-lang_20_epochs,"Gud ... sin fader för hvalpen, han till Ingelund. Gud hjälpe hans själ."
28,hulfr · uk · uþulfr ' li(t)... ...,Ulv och Ödulv lät ...,sv,qwen3.5-4B-ft_multi-lang_20_epochs,Holmfr och Othulv lät ...
29,faþiR : lit : hukua : runaR : þisi : uftiR : osur : bruþur : sin : is : nur : uarþ : tuþr : i : uikiku :,"Fader lät hugga dessa runor efter Asser, sin broder, som dog i norr i viking.",sv,qwen3.5-4B-ft_multi-lang_20_epochs,"Fader lät hugga dessa runor efter Ösur, sin broder, som dog i Norge"
30,...rti : le(g)iR : koþ(r) : ---... ...-na : has : lit : rist : kuml : a- : (k)aiRielmR : ... : ainika : sun : þaiRa ·: trabu : leybika- : ... ...naR : at : feþrka : baþa : kuþ : -(e)... ...,"... god läkare[?] ... hans hustru lät rista/resa minnesmärket efter Gairhjälm ... deras ende son
dräpte lybeckare ... stenar[?] efter far och son, de båda. Gud hjälpe ...",sv,qwen3.5-4B-ft_multi-lang_20_epochs,"... efter Kodd, hans make lät rista minnesmärket. År 918 [?] inka son de som ligger här [dörda i en krigsaktion] ... härvid är fader och man, båda goda ..."
31,ţorstain (l)(i)... ...sa : stain : ţena : ... sik : sialfan : auk : sun : sin : hefni : uaR til : enklans : ukr : trenkr : farin : uarţ : ţa * haima : at : harmi tauţr kuţ hialbi : sialu : ţaima bruni : auk : sloţi : ţaiR ...(u) stan ţena,"Torsten lät resa denna sten efter sig själv och sin son Hävner. Till England hade den unge kämpen farit, dog sedan sorgligen hemma. Gud hjälpe deras själar. Brune och Slode ristade denna sten.",sv,qwen3.5-4B-ft_multi-lang_20_epochs,"Torsten lät resa denna sten ... sig själva och sin son. Han hade till enklings dröm fört sig bort, hämnade sig mot de drömmare som drömmade. Gud hjälpe de drömmares själar! De brända och slöta, de reste denna sten."
32,[...is * haou]... ...-fr * ka(s)l ' ok * iufrfast ' lit ' rsa s[tn iftu * faiau sein] ...-l,... och Jovurfast lät resa stenen efter sin fader,sv,qwen3.5-4B-ft_multi-lang_20_epochs,... och Jovfast lät resa stenen efter sin fader ...
33,fasti * lit * hkua * runar * ±isar * iftR fastulf * sun sin,"Faste lðt hugga dessa runor efter Fastulv,sin son",sv,qwen3.5-4B-ft_multi-lang_20_epochs,"Faste lät hugga runorna efter Fastulv, sin son"
34,+ iuan * stretn + merki + ok + rahnuor + eftiri boanta +,Kättilfast lade märkena efter Johan streten och Ragnvor efter sin man Holmsten,sv,qwen3.5-4B-ft_multi-lang_20_epochs,Johan reste minnesmärket och Ragnvör efter sin man
35,fir--(r)iui : lit rita * kuml : yfitiRr : fnþur : sih : baosa : auk : boruþur : kuru- * kuþ hi=a=l-... * ul kuru -ial uti * a| |akla--,... lät resa kumlet efter sin fader Bause och broder ... Gud hjälpe ... föll ute i England,sv,qwen3.5-4B-ft_multi-lang_20_epochs,... lät resa kumlet efter sin fader Bosa och Kuros broder. Gud hjälpe ...
36,: tufi : risþi : stin : þisi : iftR : umun : sin : fila...,"Tove reste denna sten efter Umon (?), sin bolagsman",sv,qwen3.5-4B-ft_multi-lang_20_epochs,"Tove reste denna sten efter Ommund, sin man"
37,: amuit * rsti * sina * ţina * yti * suna * sina * rnulfu * aku * hrenki bruţur * sena * uarţi * uti * terebina * i * kalmarna * sutuma * furu * afu * skani ×× eski * rsti * runa * ţasi ×,"Amunde reste denna sten efter sin son Runulv och [efter] RIng, sin broder. [Han] blev dräpt ute i Kalmarkund, [dĺ de] for frĺn Skĺne. Eskil ristade dessa runor",sv,qwen3.5-4B-ft_multi-lang_20_epochs,"Amygd(?) reste dessa stenar efter sina söner, Rönulf och Ĺrenge, Hrenings son, som ut till terbinerna i Kalmars socken, fört skatt från Eski. Eski ristade dessa runor."
38,...-r ' li- r-... ... ...--R ...u(r) ' sun kunars ' i ' risny suain risti,... lät resa .. efter ... Gunnars son i Risne. Sven ristade,sv,qwen3.5-4B-ft_multi-lang_20_epochs,... lät resa runorna ... Gunnars son i Risön. Svein ristade
39,... at ' sik ' silfa... ...--[k]an ' in ' (r)[ai-]-(n) ' -(a)stgi[-],... efter sig själv medan han levde och ... Fastgeir (?),sv,qwen3.5-4B-ft_multi-lang_20_epochs,... efter sig själv. ... kran. och ...
40,iak * uait : hastain : þa : hulmstain : bryþr * menr : rynasta : a : miþkarþi : setu : stain : auk : stafa : marga eftiR * fraystain * faþur * sin *,"Jag vet Håsten och Holmsten, bröderna vara runkunnigast bland män i Midgård De satte stenen och stavar många efter Frösten fader sin",sv,qwen3.5-4B-ft_multi-lang_20_epochs,"Jakt var hästen då Holmsten, Brysten, runastens broder, med Mitgarde satte stenen och många stavar efter Frösten, sin fader"
41,ikilauh × lit + hakua * eli ţsa * eftR + sun sin × sihfastr * auk * -ihilt * broţiR hans * ţ-u muţrkun bua i hu-um,"Ingelög lät hugga denna häll efter sin son Sigfast och ... hans broder [lät ocksĺ hugga ?]. De, moder och son, bor i Husa [?]",sv,qwen3.5-4B-ft_multi-lang_20_epochs,"Ingelaut lät hugga stenen efter sina söner Sigfast och ... , hans broder. Han blev myckes ära i huset."
42,... l(i)t (:) r(i)(s)(a) : stain : e... ...-an : s(u)(l)... ¶ ... ...(a)uþr : ... ¶ ...(n) : auk : kuþmuntr : þaR [:] [r]... ...[(a)R] : a enklanti : i skiu (:) -uilis : kr... ... ...,"... lät resa stenen efter ... ... död ... och Gudmund, de ristade runorna. Han vilar i Skia i England. Kristus ...",sv,qwen3.5-4B-ft_multi-lang_20_epochs,"... lät resa stenen efter ... sin ... Gud ... Gud och Gudmund, de ristade ..."
43,* uebiurn * sa(t)(i) * (i)stin * (þ)ina * eftir * tuli * sunu * sin * tereke * haraþa kuþan,"Vebjörn satte denna sten efter Toli, sin son, en mycket god man",sv,qwen3.5-4B-ft_multi-lang_20_epochs,"Vébjörn satte denna sten efter Tule, sin son, en mycket god man"
44,sloþi rahnfriþ þaun * litu * hakua * stain * iftiR * ihulbiarn * sun * sin * hialbi * kristr ant * has,"Slode, Ragnfrid de lät hugga stenen efter Igulbörn, sin son. Kristus hjälpe hans ande.",sv,qwen3.5-4B-ft_multi-lang_20_epochs,"Slode, Ragnfrid, de lät hugga stenen efter Igulbjörn, sin son. Hjälpe Kristus ande!"
45,× hulmaiR × auk × kuni × litu × raisa × stain ×× þina × eftiR × sota × faþur × sin ×,"Holmger och Gunne lät resa denna sten efter Sote, sin fader",sv,qwen3.5-4B-ft_multi-lang_20_epochs,"Holmger och Gunne lät resa denna sten efter Sote, sin fader"
46,[× gan]uiþr : o^k · botuiþr  · [kaslla · o^k · þair] letu · haga · an stain · o^k · yfr · sin faþur · butair · aitin · guþ · alssualtuhr · hafi · þina · sial · o^k þa uar · l · o... pirimst^efr o^k fir sunutahr · o^k en ha do,Gannvid och Botvid i Kassla och de lät hugga en sten och över sin fader salig Botair. Må Gud allsmäktig ha din själ. Och då var l primstav och fir söndags[runa] och när han dog.,sv,qwen3.5-4B-ft_multi-lang_20_epochs,"Gannvid och Botvid, Kassella och de lät hugga stenen och efter sin fader Botvid. Allsväldige Gud hjälpe hans själ och de som ..."
47,+ [o]l-(f) : [... litu : kiara : stain : ţana : ufir : sin : sun : b]u(t)a(i)[- u]-------s-afiţi... -(o)ţur ruţu(i)- ... bat-rn(o)(s)...ur : firir ţaira (s)ial ---...u--...---...----- -l-n...--a--- :,Olaf ... lät göra denna sten över sin son Botgeir (?) ... moder Rodve ... för deras själar ...,sv,qwen3.5-4B-ft_multi-lang_20_epochs,Olaf ... lät göra denna sten över sin son Bode ... orðrunn ... sin fader. Be ...
48,... aistin + fnţur * sia auk stia + b(r)uţur si(n) + k...,"... [efter] Östen, sin fader, och Sten, sin broder ...",sv,qwen3.5-4B-ft_multi-lang_20_epochs,"... Edsten, sin fader och stenen, sin broder ..."
49,+ hiar : ritiR : kulaifr : ok : ... ... : ku₫ : biarhi : sial : hans ×,Här reser Gudlev och ... Gud hjälpe hans själ,sv,qwen3.5-4B-ft_multi-lang_20_epochs,Här reste Guleifr och ... ... Gud någe hans själ
50,æ iarlaæbaki æ lit raisa [æ] staina æ ±asa at sik æ kuikuan æ auk bru ±isa kar±i æ fur ont sina æ auk æ ain ati tabu ala-,"Jarlabanke lðt resa dessa stenar efter sig, medan han levde, och han gjorde denna bro f—r sin sjðl, och han ðgde ensam hela Tðby",sv,qwen3.5-4B-ft_multi-lang_20_epochs,"Jarlabbe lät resa dessa stenar efter sig, en god kung, och gjorde bron för sin ande. Och ännu äger den staden alla."
51,[:] a[sur] * karþi : kubl : þesi : eftiR : uit : faþur : sin * [h]an uaR : mana : mestr : uniþikR [:] uaR : i[n]tr : mataR : uk umun hats : kuþr * þi(k)[n] kus tru : kuþa : hafþi :,"Assur gjorde detta minnesmärke efter Öjvind, sin fader. Han var av män den meste oniding, var frikostig med mat och ej sinnad för hat. Den gode tegnen hade en god gudstro.",sv,qwen3.5-4B-ft_multi-lang_20_epochs,"Åsurr gjorde detta minnesmärke efter Vite, sin fader. Han var den mest ondisse man som var i Norge. Han var galen av mat och full av hat. En god kung valde honom."
52,ilugi * ... [bro iftiR ka]... ...þur sin| |nytan,Illuge [lät göra] bron efter ... sin duktige fader / broder,sv,qwen3.5-4B-ft_multi-lang_20_epochs,"Iluge ... bro efter ... sin fader / broder, nyten [den gode]"
53,* aki * uruni * risti * ifti * (b)ui * [bruþur] ...,"Åke ristade runorna efter Bue, sin broder",sv,qwen3.5-4B-ft_multi-lang_20_epochs,"Agge och Orunne reste [stenen] efter Björn, sin broder"
54,ristu * stina * uk * staf * uan * uk * in * mikla * at * iartiknum uk kuri₫i * kas at * uiri * ₫u mon i krati * kiatit lata kunar ik stin,De reste stenarna / och även staven därovan(?) / den stora / till hederstecken(?). / Också Gyrid / älskade sin make. / Därför i sorgekväde / skall han besjungas. Gunnar högg stenen,sv,qwen3.5-4B-ft_multi-lang_20_epochs,"Riste reste stenarna och stavade och inledde de stora under Jartingum och Kyrreger under Vire. Han levde i Gråden. Kätten lät, Gunnar högg stenen."
55,×· katrin : ioans : husfyra : i sundru : han : lit : giara : þina : stain : yfir : moþur sina : botiauþu : iak[o]bs : kunu : sihlaihs:arf(a) : biþin : f(i)(r)(i) (h)enar : sial : bater : noster :×,"Katrin, Johans husfru i Sundre, hon lät göra denna sten över sin moder Bottjaud, hustru till Jakob Siglaiks arvinge. Be för hennes själ Pater noster.",sv,qwen3.5-4B-ft_multi-lang_20_epochs,"Katarina Jons husfrämu i Sundra, hon lät göra denna sten över sin moder Botiauðu, Jakobes hustru Sigleiks arvinge. Be för hans själ. Fader vorens."
56,si[kfiR]uþr : lit : hi : Risa : at : burkaiR : foþur sin,"Sigfröd lät här resa efter Borgger, sin fader",sv,qwen3.5-4B-ft_multi-lang_20_epochs,"Sigfryd lät hisa (stenen) efter Borgger, sin fader"
57,as(b)iarn : risþi (:) stin : þan(s)i : aftiR : tuark : filaka : sin : trik : kuþan,"Asbjörn reste denna sten efter Dvärg, sin vän, en god man",sv,qwen3.5-4B-ft_multi-lang_20_epochs,"Åsbjörn reste denna sten efter Torg, sin partner, en god man"
58,[arum ÷ ...bti(r) ÷ ...u... ÷ biyrþ ÷ þusinn ÷ ithuntraþ ÷ at ÷ ok ÷ sekstih ÷ ... ... ÷ kirkia] malaþ ÷ bu ÷ ra [?ur ÷ sif...na ÷ kari ÷ (a)-l(e) ÷ na^uþ] [i(r)a^l ru--r],Året efter ... födelse 1161 ... kyrkan målad BU RA ...,sv,qwen3.5-4B-ft_multi-lang_20_epochs,År 1172 efter biskop Torsteins död var kyrkan full. Byskopen var Iduntrud och sex andra. ... kyrkan målades. Byskopen var ... Karls arvinge.
59,... : stin : þani : e... ... bruþur : sifa,... denna sten efter ... Seves broder,sv,qwen3.5-4B-ft_multi-lang_20_epochs,... denna sten efter ... Sifa
60,si[h]tris : aruar[r] : litu : giera : st[a]en : yfir : auþu-l- : broþur : sin : a : finlandi : do : aglia...,"Sigtryggs arvingar lät göra stenen över Audvald, deras broder, som dog i Finland ...",sv,qwen3.5-4B-ft_multi-lang_20_epochs,"Sigtryggs och Arnr lät göra stenen över Audvald, sin broder, som dog i Finland."
61,þurulfs * sati ' stain ' uftiR ' tuka ' tuka ' sun ¶ hin * usta * kuþ ' hialbi * hans *,"Torulf satte stenen efter Tone, Tokes son, den yttersta. Gud hjälpe hans",sv,qwen3.5-4B-ft_multi-lang_20_epochs,"Tolvå, Tolvög:s son, satte stenen efter Toga, sin öste son. Gud hjälpe hans"
62,* uikhiulmbR * auk * auţmuntr * ţai(R) * litu * raisa * sten * at * serkiR * broţur * sen * koţna *,"Vighjälm och Ödmund de lät resa stenen efter Sverker, sin gode broder",sv,qwen3.5-4B-ft_multi-lang_20_epochs,"Vigjulmv och Audmund, de lät resa stenen efter Särger, sin broder, god"
63,kulefr ' u(k) ' s[i]oli ' litu ' risa ' iftiR ' ikifast ' sun [' i]arunta,"Gullev och Sjole lät resa efter Ingefast, Järunds son",sv,qwen3.5-4B-ft_multi-lang_20_epochs,"Gullev och Sjol lät resa [stenen] efter Ingefast, Järundgs son"
64,...(n)untr : a : aisku : sina :,... Anund efter sin älskade,sv,qwen3.5-4B-ft_multi-lang_20_epochs,"... Asga, hans hustru"
65,osmuntr : risþi : stin : þansi : ifiR : tuk * faþur * sin,"Åsmund reste denna sten efter Toke, sin fader",sv,qwen3.5-4B-ft_multi-lang_20_epochs,"Åsmund reste denna sten efter Tug, sin fader"
66,+ sihrafr : i : flinauik : ha[n : lit : mik : gera : yfir] : si[n] : ...þur : iakaup : guþ : naþi : hans : sial : þa : uar : u[r : prim:stafr : ok : þos : sunut]ahr : en ha[n] : do,Sigraiv i Flenvike han lät göra mig över sin fader Jakob. Gud nåde hans själ. Då var primstav och söndagsruna när han dog.,sv,qwen3.5-4B-ft_multi-lang_20_epochs,"Sigräfr i Flinvik, han lät mig göra över sin ... I Jakaup. Gud nåde hans själ, då var primstav och dessa söndrag. Och han dog."
67,þi... ...-tu * raisa * merki * þe... ... * faþur sin *,... lät resa detta minnesmärke [efter] ... sin fader,sv,qwen3.5-4B-ft_multi-lang_20_epochs,... lät resa dessa minnesmärken [efter] sin fader
68,: freystin : reisti : stein : þensa : eftiR : haþska : faþur sin :,"Frösten reste denna sten efter Hadske, sin fader",sv,qwen3.5-4B-ft_multi-lang_20_epochs,"Fresten reste denna sten efter Hästsk, sin fader"
69,...(u)n[ar] × auk × suain × raistu × st=ain × at × ton(u) × mo₫ur ...,"Gunnar och Sven reste stenen efter Tona, [sin] moder ...",sv,qwen3.5-4B-ft_multi-lang_20_epochs,"... och Sven reste stenen efter Tond, sin moder"
70,sihuiţr : auk : suain : auk : uihielbr : auk : kyla : ţaun : litu : raisa : stain : eftiR * olaif,Sigvid och Sven och Vilhjälm och Gylla de lät resa stenen efter Olev,sv,qwen3.5-4B-ft_multi-lang_20_epochs,"Sigvid och Sven och Vidjäl och Killa, de goda, lät resa stenen efter Oleiv"
71,frustin : riti : stin : ₫ina : iftR : sikmut : uk : ukitRi : an ua : bur₫,"Frösten reste denna sten efter Sigmund, och mindre glad bar han bördan",sv,qwen3.5-4B-ft_multi-lang_20_epochs,"Sten gav denna sten efter Sigmund och Ogid, hans broder"
72,' uaţr + auk × ţakn × auk × kunar + raistu × stain + ţana × at × haursa × foţur sin + kuţ hialbi ot hans ×,"Väder och Tägn och Gunnar reste denna sten efter Hörse, sin fader. Gud hjälpe hans ande.",sv,qwen3.5-4B-ft_multi-lang_20_epochs,"Väder och Tagn och Gunnar reste denna sten efter Horse, sin fader. Gud hjälpe hans ande"
73,× kr(e)stin × let × giara × merki × eftiR × sun sen × huir sum runum riþr × hafi byniR × firiR × alah sial × suni ÷ uaR faþiR ala ×,Kristin lät göra minnesmärket efter sin son. Var och en som tyder runorna have böner för Ales själ. Sune var Ales fader.,sv,qwen3.5-4B-ft_multi-lang_20_epochs,"Kristin lät göra minnesmärket efter sin son, som rörde runorna. Hälsen ska bära för den älskade sonen."
74,botildær : læt : gæra : hua(l)f þænna : ifir : sue n : dyrmoson : haraldær : stenmæstari : gærþi : {BOGILDER : LET GERA (:) HVALF : DENNA : IF IR : SVEN : DEV...OSON : AVE MARIA * GRATIA},Bothild lät göra detta valv över Sven Dyrmodsson. Harald stenmästare gjorde.,sv,qwen3.5-4B-ft_multi-lang_20_epochs,Botildar lät göra detta hvalv efter Sven Dyrmoson. Harald stenmästare gjorde.
75,* þrikr : auk : frusti : litu : k(a)r[a * bro : a]uk * [l]itu raisa : stin at : orma : faþur : sin : koþan,"och Froste lät göra bron och resa stenen efter Orme, sin gode fader",sv,qwen3.5-4B-ft_multi-lang_20_epochs,"Trond och Fruste lät göra bro och lät resa stenen efter Orme, deras gode fader"
76,× asbiurn × auk × þiR ali × auk × urykia × raistu × stain × eftiR × þurkut + faþur * sin ×,"Asbjörn och Alle och Orökja reste stenen efter Torgöt, sin fader",sv,qwen3.5-4B-ft_multi-lang_20_epochs,"Asbjörn och Alve och Orökja reste stenen efter Torgöt, sin fader"
77,: halftan ÷ rasþi : st(a)- ...si : at : raknualt : faþur : sin : ouk : tan * bruþur sin þrutaR þiak(n)a,"Halvdan reste denna sten efter Ragnvald, sin fader, och Dan, sin broder, dugande män",sv,qwen3.5-4B-ft_multi-lang_20_epochs,"Halvdan reste stenen efter Ragnvald, sin fader, och Dan, sin broder, denna förträngde tägen"
78,"× iarlibaki × lit × raisa × stan + þina × a... ... ...kuan + han × ati ain × tabu × alan × -... ... ont hans +
× iarlabaki × lit raisa × stain × þin- at sik kuikuan × auk × þinkstaþ × þina × karþi + auk × ain ati + alt hu-(t)ari × þita +","Jarlabanke lät resa denna sten [efter sig själv] medan han levde. Han ägde ensam hela Täby. [Gud hjälpe] hans själ
Jarlabanke lät resa denna sten efter sig, medan han levde och gjorde denna tingsplats och innehade ensam detta hundare",sv,qwen3.5-4B-ft_multi-lang_20_epochs,"Järlebjä lät resa denna sten efter sin fröu, han ägde en gård i Tobo. Han dog efter hans fader. Järlebjä lät resa denna sten efter sig, han var ung, och gjorde denna sten och ägde allt detta, då han var ung."
79,couæk a þræþr þisa ho^f : fimta mo^rk,Solveig äger dessa trådar Fem och en halv mark,sv,qwen3.5-4B-ft_multi-lang_20_epochs,"Kjotul [?] äger dessa träd, fem mark"
80,hulmstin × auk × haosui × litu × raisa istain × iftir × iybiurn × faþur sin × auk × kiriþ × ifti,"Holmsten och Hosve lät resa stenen efter Jobjörn, sin fader, och Gyrid efter [honom]",sv,qwen3.5-4B-ft_multi-lang_20_epochs,"Holmsten och Hosvi lät resa stenen efter Ejbjörn, sin fader, och Gerid efter"
81,asm(u)(t)(r) * auk * þeR * bruþr * restu * sten * þani * eftiR * sarta * faþur * sia *,"Asmund och hans bröder reste denna sten efter Svarte, deras fader",sv,qwen3.5-4B-ft_multi-lang_20_epochs,"Assmut och hans bröder reste denna sten efter Sarte, deras fader"
82,tur...rn rti * stun þansi * ufti × u(i)(s)(þ)i uis × broþu...,"Torbjörn reste denna sten efter , Svens broder",sv,qwen3.5-4B-ft_multi-lang_20_epochs,"Dörn reste denna sten efter Vilde vis, sin broder"
83,... : eftiR : man : tau... ...,... efter den döde mannen ...,sv,qwen3.5-4B-ft_multi-lang_20_epochs,... efter sin man ...
84,krim * risti * stin * efti * hltan * freta * sin *,"Grim reste stenen efter Halvdan, sin frände",sv,qwen3.5-4B-ft_multi-lang_20_epochs,"Krim reste stenen efter Helsten, sin man"
85,i(n)ki * auk * kati... ... ... * stain * at * þtgn * -aþur * sin * koþan * kuþ * ialbi,"Inge och Kättil ... stenen efter Tägn, sin gode fader",sv,qwen3.5-4B-ft_multi-lang_20_epochs,"Inge och Kati ... resa stenen efter Tegn, sin gode fader. Gud hjälpe"
86,+jilsuiþ : arærde : æfte berhtsuiþe • bekun onbergigebid=daþ þær : saule-,Gilswith reste efter Berhtswith minnesmärket på en kulle. Be för hennes själ.,sv,qwen3.5-4B-ft_multi-lang_20_epochs,"Jilsvid översätter efter Bergthsvid. Känn, Onberg vid denna själ."
87,iþal-ra × lit rita stin þino + abtiR ibiurn sun sin × þaR uaR-... ...(h)... ...uain × auk arnfasta (a)uk ai-... þaiR u(a)... -uþ hialbi hons| |salu| |uk| |kuþs muþiR × runoR ritaR hu-msr,"... lät resa denna sten efter Ebjörn, sin son. De var ... Sven och Arnfast och ... de ... Gud hjälpe hans själ och Guds moder. Rätta runor högg Åsmund",sv,qwen3.5-4B-ft_multi-lang_20_epochs,"Ide lät resa denna sten efter Ejorn, sin son. De var ... Sven och Arnfast. Och ... de var ... Hjälp hans själ och Guds moder. Runor ritar Hemsan."
88,biurn : riti stain þino : aftiR : ufriþ : auk at : un sunu sin,"Björn reste denna sten efter Ofrid och efter Unn, sina söner",sv,qwen3.5-4B-ft_multi-lang_20_epochs,"Björn reste denna sten efter Ofrit och efter Unn, sina söner"
89,asmut-r... ris-- * runaR * eftiR × stein * faþurs*faþur * sin * auk * faþur * siba * ok × geiRbiarnaR × aok... ulfs * eaR * merki * mikit * at * man * koþan ×,"Åsmund ristade runor efter Sten, sin farfar, och fadern till Sibbe och Gerbjörn ... ett stort minnesmärke efter en god man.",sv,qwen3.5-4B-ft_multi-lang_20_epochs,"Asmundr reste runorna efter Stein, sin fadersfader, och Sibs fader och Geirbjörn. Ulv äger mycket stora minnesmärken efter en god man."
90,¤ (u)talfriþR : raisti * staina + þisa a-tR * styr * faþur : sin * (k)...þ hilbi * ant þira bratr hiuk run-R,"Odalfrid reste dessa stenar efter Styr, sin fader. Gud hjälpe deras andar. Brand högg runorn.",sv,qwen3.5-4B-ft_multi-lang_20_epochs,"Utalfrid reste dessa stenar efter Styre, sin fader ... Guds hjelp ande, deras bror högg runorna"
91,...- × r(i)(t)(a) × stin × þina × at × runul- ...-...,... resa denna sten efter Runulf ...,sv,qwen3.5-4B-ft_multi-lang_20_epochs,... reste denna sten efter Runulv [sin son] ...
92,: asur : auk : þai(R) ...in : | : ...,Assur och ...,sv,qwen3.5-4B-ft_multi-lang_20_epochs,Assur och ...
93,... reisa × stein × auk × k--- ... hialbi × ont × hans ×,... resa stenen och gjorde ... hjälpe hans ande,sv,qwen3.5-4B-ft_multi-lang_20_epochs,... resa sten och göra ... hjälpe hans ande
94,kakulfr ' ok benuiþr ' litu ' rita ' sten ' iftR ooþbiarn ' sun in,"Gångulv (?) och Benvid lät resa stenen efter Ödbjörn, deras son",sv,qwen3.5-4B-ft_multi-lang_20_epochs,"Gokulf och Benguid lät resa stenen efter Ödbjörn, sin son"
95,... ...(s)(þ)i : stin : þna : iftiR : kuþmut : sun sin : þa-...,"... reste denna sten efter Gudmund, sin son ...",sv,qwen3.5-4B-ft_multi-lang_20_epochs,"... reste denna sten efter Gudmund, sin son ..."
96,þurkal : sati : stia : aft : ... ... sun : faþur : sin :,"Torkel satte denna sten efter ... son, sin fader",sv,qwen3.5-4B-ft_multi-lang_20_epochs,Torgald satte stenen efter ... ... son till sin fader
97,: atuitr : raisti : stein ... at : aisi : faþur : sin : þrutaR : þiakn :,"Andvätt reste denna sten efter Est, sin fader, en dugande man",sv,qwen3.5-4B-ft_multi-lang_20_epochs,"Atvid reste stenen ... efter Esir, sin fader, en mycket dugande man"
98,kal|i| |l|it hkua heli ţisa iftiR * suni sina toa * auk ţau ikiţora * bR- (a)ina kiarţu mukit mirki furiR arkum mani,"Kale lät hugga dena häll efter sina tvĺ söner och han och Ingetora gjorde en bro, ett stort minnesmärke inför mĺnga män",sv,qwen3.5-4B-ft_multi-lang_20_epochs,"Kalv lät hugga dessa hällristningar efter sina två söner och efter Idora, hon gjorde ett minnesmärke för minnesmålet."
99,afriţ : lit : at : suartau(a) : auk : at : iulfast : suni : sina : ok : at : askaut *,"Ĺfrid lät [hugga hällen] efter Svarthövde och efter Igulfast, sina söner,  och efter Ĺsgöt",sv,qwen3.5-4B-ft_multi-lang_20_epochs,"Åfreð lät [resa stenen] efter Svarthåv och efter Igulfast, sina söner, och efter Åsgaut"
100,: sibi : auk : rusia : auk : krifi : þiR : raistu : stin : þansa : at : sluru : faþur : sin,"Sibbe och Rysja och Krifi de reste denna sten efter Slora, sin fader",sv,qwen3.5-4B-ft_multi-lang_20_epochs,"Sibbe och Rosve och Kevi, de reste denna sten efter Slora, deras fader"
